player_id,player_name,team_id,team_name,game_date,at_bats,hits,doubles,triples,home_runs,rbi,strike_outs,base_on_balls,hit_by_pitch,sac_flies,bat_side,avg,obp,slg,ops,runs,stolen_bases,total_bases
669369,Bryce Johnson,135,Padres,2025-09-07,1,1,0,0,0,0,0,0,0,0,S,.367,.406,.433,.839,0,0,1
669369,Bryce Johnson,135,Padres,2025-09-10,1,0,0,0,0,0,1,0,0,0,S,.361,.400,.426,.826,0,0,0
669369,Bryce Johnson,135,Padres,2025-09-13,1,1,0,0,1,2,0,0,0,0,S,.371,.409,.484,.893,1,0,4
669369,Bryce Johnson,135,Padres,2025-09-19,0,0,0,0,0,0,0,0,0,0,S,.371,.409,.484,.893,0,0,0
669369,Bryce Johnson,135,Padres,2025-09-22,5,1,0,0,0,0,1,0,0,0,S,.358,.394,.463,.857,1,0,1
669369,Bryce Johnson,135,Padres,2025-09-23,4,1,0,0,0,0,0,0,0,0,S,.352,.387,.451,.838,0,0,1
669369,Bryce Johnson,135,Padres,2025-09-24,2,0,0,0,0,0,1,0,0,0,S,.342,.377,.438,.815,0,0,0
669369,Bryce Johnson,135,Padres,2025-09-26,0,0,0,0,0,0,0,0,0,0,S,.342,.377,.438,.815,0,1,0
669369,Bryce Johnson,135,Padres,2025-09-27,1,1,0,0,0,0,0,0,0,0,S,.351,.385,.446,.831,0,0,1
669369,Bryce Johnson,135,Padres,2025-09-28,2,0,0,0,0,0,0,0,1,0,S,.342,.383,.434,.817,1,0,0
665487,Fernando Tatis Jr.,135,Padres,2025-09-14,4,3,0,0,0,0,0,1,0,0,R,.264,.367,.438,.805,3,1,3
665487,Fernando Tatis Jr.,135,Padres,2025-09-16,4,0,0,0,0,0,0,0,0,0,R,.262,.365,.434,.799,0,0,0
665487,Fernando Tatis Jr.,135,Padres,2025-09-17,3,2,0,0,0,0,0,2,0,0,R,.265,.368,.436,.804,2,0,2
665487,Fernando Tatis Jr.,135,Padres,2025-09-18,4,2,0,0,0,0,0,0,0,0,R,.266,.369,.436,.805,1,0,2
665487,Fernando Tatis Jr.,135,Padres,2025-09-19,4,1,0,0,0,0,1,0,0,0,R,.266,.368,.435,.803,0,0,1
665487,Fernando Tatis Jr.,135,Padres,2025-09-20,5,1,0,0,0,0,1,0,0,0,R,.266,.367,.433,.800,2,2,1
665487,Fernando Tatis Jr.,135,Padres,2025-09-21,5,2,0,0,1,1,2,0,0,0,R,.267,.367,.438,.805,1,0,5
665487,Fernando Tatis Jr.,135,Padres,2025-09-26,5,1,0,0,1,4,3,0,0,0,R,.266,.366,.441,.807,1,0,4
665487,Fernando Tatis Jr.,135,Padres,2025-09-27,2,1,0,0,1,1,0,1,0,0,R,.267,.367,.446,.813,1,0,4
665487,Fernando Tatis Jr.,135,Padres,2025-09-28,2,1,0,0,0,0,0,0,0,0,R,.268,.368,.446,.814,1,0,1
666023,Freddy Fermin,135,Padres,2025-09-18,3,0,0,0,0,0,0,0,0,0,R,.258,.305,.353,.658,0,0,0
666023,Freddy Fermin,135,Padres,2025-09-19,3,1,0,0,0,0,0,0,0,0,R,.258,.305,.352,.657,0,0,1
666023,Freddy Fermin,135,Padres,2025-09-20,4,2,0,0,0,0,0,0,0,0,R,.262,.307,.354,.661,0,0,2
666023,Freddy Fermin,135,Padres,2025-09-21,0,0,0,0,0,0,0,0,0,0,R,.262,.307,.354,.661,0,0,0
666023,Freddy Fermin,135,Padres,2025-09-22,2,1,0,0,0,1,0,0,0,0,R,.263,.309,.355,.664,0,0,1
666023,Freddy Fermin,135,Padres,2025-09-23,4,0,0,0,0,0,0,0,0,0,R,.260,.305,.351,.656,0,0,0
666023,Freddy Fermin,135,Padres,2025-09-24,3,0,0,0,0,0,3,0,0,0,R,.257,.302,.347,.649,0,0,0
666023,Freddy Fermin,135,Padres,2025-09-26,3,0,0,0,0,0,1,1,0,0,R,.255,.301,.344,.645,1,0,0
666023,Freddy Fermin,135,Padres,2025-09-27,1,0,0,0,0,0,0,0,0,0,R,.254,.301,.343,.644,0,0,0
666023,Freddy Fermin,135,Padres,2025-09-28,4,0,0,0,0,0,3,0,0,0,R,.251,.297,.339,.636,0,0,0
657757,Gavin Sheets,135,Padres,2025-09-18,3,1,0,0,0,0,1,0,0,0,L,.259,.323,.449,.772,0,0,1
657757,Gavin Sheets,135,Padres,2025-09-19,3,0,0,0,0,1,0,1,0,0,L,.258,.322,.446,.768,0,0,0
657757,Gavin Sheets,135,Padres,2025-09-20,3,1,0,0,0,1,1,1,0,0,L,.258,.324,.445,.769,1,0,1
657757,Gavin Sheets,135,Padres,2025-09-21,4,1,0,0,0,0,2,0,0,0,L,.258,.323,.443,.766,1,0,1
657757,Gavin Sheets,135,Padres,2025-09-22,5,0,0,0,0,1,1,0,0,0,L,.255,.320,.439,.759,0,0,0
657757,Gavin Sheets,135,Padres,2025-09-23,3,0,0,0,0,0,0,1,0,0,L,.254,.319,.436,.755,1,0,0
657757,Gavin Sheets,135,Padres,2025-09-24,3,1,0,0,0,0,1,1,0,0,L,.254,.321,.435,.756,0,0,1
657757,Gavin Sheets,135,Padres,2025-09-26,4,2,0,0,0,0,0,0,0,0,L,.256,.322,.436,.758,1,0,2
657757,Gavin Sheets,135,Padres,2025-09-27,4,0,0,0,0,0,1,0,0,0,L,.254,.320,.432,.752,0,0,0
657757,Gavin Sheets,135,Padres,2025-09-28,4,0,0,0,0,1,0,0,0,0,L,.252,.317,.429,.746,1,0,0
701538,Jackson Merrill,135,Padres,2025-09-17,5,2,0,0,0,0,1,0,0,0,L,.263,.317,.449,.766,1,0,2
701538,Jackson Merrill,135,Padres,2025-09-18,4,0,0,0,0,0,2,0,0,0,L,.260,.314,.445,.759,0,0,0
701538,Jackson Merrill,135,Padres,2025-09-19,4,1,1,0,0,0,1,0,0,0,L,.260,.313,.445,.758,0,0,2
701538,Jackson Merrill,135,Padres,2025-09-20,4,2,1,0,1,1,0,1,0,0,L,.263,.316,.455,.771,3,0,6
701538,Jackson Merrill,135,Padres,2025-09-21,4,1,0,0,0,0,1,0,0,0,L,.263,.316,.453,.769,1,0,1
701538,Jackson Merrill,135,Padres,2025-09-22,5,2,0,0,0,0,2,0,0,0,L,.264,.317,.453,.770,0,0,2
701538,Jackson Merrill,135,Padres,2025-09-24,4,1,0,0,1,1,2,0,0,0,L,.264,.316,.458,.774,1,0,4
701538,Jackson Merrill,135,Padres,2025-09-26,5,1,0,0,0,1,1,0,0,0,L,.263,.315,.455,.770,0,0,1
701538,Jackson Merrill,135,Padres,2025-09-27,4,0,0,0,0,0,1,0,0,0,L,.261,.312,.451,.763,0,0,0
701538,Jackson Merrill,135,Padres,2025-09-28,3,2,2,0,0,3,0,2,0,0,L,.264,.317,.457,.774,2,0,4
630105,Jake Cronenworth,135,Padres,2025-09-17,3,1,0,0,0,1,0,0,1,0,L,.251,.373,.391,.764,1,0,1
630105,Jake Cronenworth,135,Padres,2025-09-18,3,1,0,0,0,0,1,0,0,0,L,.251,.373,.391,.764,0,0,1
630105,Jake Cronenworth,135,Padres,2025-09-19,3,1,0,0,0,0,1,0,0,0,L,.252,.373,.390,.763,1,0,1
630105,Jake Cronenworth,135,Padres,2025-09-20,3,0,0,0,0,0,3,1,0,0,L,.250,.372,.388,.760,0,0,0
630105,Jake Cronenworth,135,Padres,2025-09-21,4,1,0,0,0,1,0,0,0,0,L,.250,.371,.386,.757,0,1,1
630105,Jake Cronenworth,135,Padres,2025-09-22,4,0,0,0,0,0,2,1,0,0,L,.248,.369,.382,.751,0,0,0
630105,Jake Cronenworth,135,Padres,2025-09-24,3,0,0,0,0,0,1,1,0,0,L,.246,.368,.380,.748,0,0,0
630105,Jake Cronenworth,135,Padres,2025-09-26,3,0,0,0,0,1,1,1,0,0,L,.244,.367,.377,.744,0,0,0
630105,Jake Cronenworth,135,Padres,2025-09-27,2,1,0,0,0,0,0,0,0,0,L,.245,.368,.377,.745,0,0,1
630105,Jake Cronenworth,135,Padres,2025-09-28,3,1,0,0,0,2,2,0,0,1,L,.246,.367,.377,.744,1,0,1
578428,Jose Iglesias,135,Padres,2025-09-09,1,0,0,0,0,0,0,0,1,0,R,.223,.294,.270,.564,0,1,0
578428,Jose Iglesias,135,Padres,2025-09-10,0,0,0,0,0,0,0,0,0,0,R,.223,.294,.270,.564,0,0,0
578428,Jose Iglesias,135,Padres,2025-09-13,0,0,0,0,0,0,0,0,0,0,R,.223,.294,.270,.564,0,0,0
578428,Jose Iglesias,135,Padres,2025-09-14,4,2,0,0,0,2,0,0,0,0,R,.227,.297,.273,.570,0,0,2
578428,Jose Iglesias,135,Padres,2025-09-17,4,0,0,0,0,0,1,1,0,0,R,.224,.295,.269,.564,0,0,0
578428,Jose Iglesias,135,Padres,2025-09-18,1,0,0,0,0,0,0,0,0,0,R,.223,.294,.268,.562,0,0,0
578428,Jose Iglesias,135,Padres,2025-09-22,3,2,0,0,1,1,0,1,0,0,R,.228,.300,.282,.582,2,0,5
578428,Jose Iglesias,135,Padres,2025-09-23,4,2,0,0,1,1,0,0,0,0,R,.232,.302,.295,.597,1,0,5
578428,Jose Iglesias,135,Padres,2025-09-27,4,0,0,0,0,0,1,0,0,0,R,.228,.299,.291,.590,0,0,0
578428,Jose Iglesias,135,Padres,2025-09-28,4,1,1,0,0,2,1,0,0,0,R,.229,.298,.294,.592,0,0,2
650333,Luis Arraez,135,Padres,2025-09-17,4,2,0,0,0,0,0,1,0,0,L,.287,.322,.386,.708,1,0,2
650333,Luis Arraez,135,Padres,2025-09-18,3,1,0,0,0,1,0,0,0,1,L,.287,.322,.386,.708,0,0,1
650333,Luis Arraez,135,Padres,2025-09-19,4,1,0,0,0,1,0,0,0,0,L,.287,.321,.385,.706,0,0,1
650333,Luis Arraez,135,Padres,2025-09-20,5,1,0,0,0,1,0,0,0,0,L,.286,.320,.384,.704,0,0,1
650333,Luis Arraez,135,Padres,2025-09-21,3,1,0,0,0,0,0,1,0,0,L,.287,.321,.383,.704,0,0,1
650333,Luis Arraez,135,Padres,2025-09-22,5,1,0,0,0,1,0,0,0,0,L,.286,.320,.382,.702,1,0,1
650333,Luis Arraez,135,Padres,2025-09-23,3,2,0,0,1,2,0,1,0,0,L,.288,.323,.388,.711,2,0,5
650333,Luis Arraez,135,Padres,2025-09-24,3,1,0,0,0,0,0,1,0,0,L,.288,.324,.388,.712,0,0,1
650333,Luis Arraez,135,Padres,2025-09-26,5,4,1,0,0,0,0,0,0,0,L,.292,.328,.393,.721,1,0,5
650333,Luis Arraez,135,Padres,2025-09-27,4,1,0,0,0,0,0,0,0,0,L,.292,.327,.392,.719,1,0,1
669134,Luis Campusano,135,Padres,2025-05-03,2,0,0,0,0,0,0,1,0,0,R,.000,.333,.000,.333,0,0,0
669134,Luis Campusano,135,Padres,2025-05-04,1,0,0,0,0,0,0,2,0,0,R,.000,.500,.000,.500,0,0,0
669134,Luis Campusano,135,Padres,2025-05-05,3,0,0,0,0,0,1,1,0,0,R,.000,.400,.000,.400,0,0,0
669134,Luis Campusano,135,Padres,2025-05-24,0,0,0,0,0,0,0,1,0,0,R,.000,.455,.000,.455,0,0,0
669134,Luis Campusano,135,Padres,2025-05-25,4,0,0,0,0,0,4,0,0,0,R,.000,.333,.000,.333,0,0,0
669134,Luis Campusano,135,Padres,2025-05-26,1,0,0,0,0,0,1,1,0,0,R,.000,.353,.000,.353,0,0,0
669134,Luis Campusano,135,Padres,2025-05-31,2,0,0,0,0,0,0,0,0,0,R,.000,.316,.000,.316,0,0,0
669134,Luis Campusano,135,Padres,2025-06-10,1,0,0,0,0,0,0,0,0,0,R,.000,.300,.000,.300,0,0,0
669134,Luis Campusano,135,Padres,2025-06-14,4,0,0,0,0,0,3,0,0,0,R,.000,.250,.000,.250,0,0,0
669134,Luis Campusano,135,Padres,2025-07-13,3,0,0,0,0,0,2,0,0,0,R,.000,.222,.000,.222,0,0,0
592518,Manny Machado,135,Padres,2025-09-16,4,1,0,0,0,0,0,0,0,0,R,.276,.338,.463,.801,0,0,1
592518,Manny Machado,135,Padres,2025-09-17,5,3,0,0,1,4,0,0,0,0,R,.279,.340,.469,.809,1,1,6
592518,Manny Machado,135,Padres,2025-09-18,4,1,0,0,0,0,2,0,0,0,R,.279,.339,.468,.807,0,0,1
592518,Manny Machado,135,Padres,2025-09-19,4,0,0,0,0,0,1,0,0,0,R,.277,.337,.465,.802,0,0,0
592518,Manny Machado,135,Padres,2025-09-20,5,1,0,0,0,1,2,0,0,0,R,.276,.336,.462,.798,1,0,1
592518,Manny Machado,135,Padres,2025-09-21,4,0,0,0,0,0,1,0,0,0,R,.275,.334,.459,.793,0,0,0
592518,Manny Machado,135,Padres,2025-09-22,4,1,0,0,0,0,1,1,0,0,R,.274,.334,.458,.792,1,0,1
592518,Manny Machado,135,Padres,2025-09-24,4,0,0,0,0,0,4,0,0,0,R,.273,.332,.455,.787,0,0,0
592518,Manny Machado,135,Padres,2025-09-26,4,1,0,0,0,0,1,1,0,0,R,.272,.333,.454,.787,1,0,1
592518,Manny Machado,135,Padres,2025-09-28,2,2,0,0,1,2,0,0,0,0,R,.275,.335,.460,.795,2,0,5
455117,Martín Maldonado,135,Padres,2025-07-10,3,0,0,0,0,0,1,0,0,0,R,.175,.218,.294,.512,0,0,0
455117,Martín Maldonado,135,Padres,2025-07-12,3,1,0,0,0,1,2,0,0,0,R,.178,.221,.295,.516,0,0,1
455117,Martín Maldonado,135,Padres,2025-07-19,2,1,1,0,0,1,0,0,0,0,R,.183,.225,.305,.530,1,0,2
455117,Martín Maldonado,135,Padres,2025-07-21,3,1,1,0,0,1,2,0,0,0,R,.187,.227,.313,.540,0,0,2
455117,Martín Maldonado,135,Padres,2025-07-22,3,1,1,0,0,0,1,0,0,0,R,.190,.229,.321,.550,1,0,2
455117,Martín Maldonado,135,Padres,2025-07-23,0,0,0,0,0,0,0,0,0,0,R,.190,.229,.321,.550,0,0,0
455117,Martín Maldonado,135,Padres,2025-07-24,3,1,0,0,0,0,0,0,0,0,R,.193,.231,.321,.552,0,0,1
455117,Martín Maldonado,135,Padres,2025-07-25,1,0,0,0,0,0,1,0,0,0,R,.191,.230,.319,.549,0,0,0
455117,Martín Maldonado,135,Padres,2025-07-26,2,1,0,0,0,0,0,1,0,0,R,.196,.238,.322,.560,0,0,1
455117,Martín Maldonado,135,Padres,2025-07-30,4,2,0,0,0,0,1,0,0,0,R,.204,.245,.327,.572,1,0,2
669200,Mason McCoy,135,Padres,2025-09-08,0,0,0,0,0,0,0,0,0,0,R,.083,.214,.083,.297,0,0,0
669200,Mason McCoy,135,Padres,2025-09-10,0,0,0,0,0,0,0,0,0,0,R,.083,.214,.083,.297,0,0,0
669200,Mason McCoy,135,Padres,2025-09-11,0,0,0,0,0,0,0,0,0,0,R,.083,.214,.083,.297,0,0,0
669200,Mason McCoy,135,Padres,2025-09-13,1,0,0,0,0,0,0,0,0,0,R,.077,.200,.077,.277,0,0,0
669200,Mason McCoy,135,Padres,2025-09-14,4,2,1,0,0,0,0,0,0,0,R,.176,.263,.235,.498,2,0,3
669200,Mason McCoy,135,Padres,2025-09-20,0,0,0,0,0,0,0,0,0,0,R,.176,.263,.235,.498,0,0,0
669200,Mason McCoy,135,Padres,2025-09-21,0,0,0,0,0,0,0,0,0,0,R,.176,.263,.235,.498,0,1,0
669200,Mason McCoy,135,Padres,2025-09-23,3,0,0,0,0,0,0,0,0,0,R,.150,.227,.200,.427,1,0,0
669200,Mason McCoy,135,Padres,2025-09-27,1,0,0,0,0,0,0,0,0,0,R,.143,.217,.190,.407,0,0,0
669200,Mason McCoy,135,Padres,2025-09-28,1,0,0,0,0,0,1,2,0,0,R,.136,.269,.182,.451,0,0,0
656811,Ryan O'Hearn,135,Padres,2025-09-18,2,0,0,0,0,0,2,0,0,0,L,.266,.355,.423,.778,0,0,0
656811,Ryan O'Hearn,135,Padres,2025-09-19,4,1,0,0,0,1,3,0,0,0,L,.266,.354,.421,.775,0,0,1
656811,Ryan O'Hearn,135,Padres,2025-09-20,4,3,1,0,0,3,1,0,0,0,L,.270,.357,.426,.783,0,0,4
656811,Ryan O'Hearn,135,Padres,2025-09-21,4,3,0,0,0,0,1,0,0,0,L,.274,.360,.429,.789,0,0,3
656811,Ryan O'Hearn,135,Padres,2025-09-22,4,1,0,0,0,0,1,1,0,0,L,.274,.361,.428,.789,0,0,1
656811,Ryan O'Hearn,135,Padres,2025-09-23,4,2,0,0,1,4,0,0,0,0,L,.276,.362,.435,.797,1,0,5
656811,Ryan O'Hearn,135,Padres,2025-09-24,4,2,0,0,0,0,0,0,0,0,L,.278,.363,.435,.798,0,0,2
656811,Ryan O'Hearn,135,Padres,2025-09-26,2,1,0,0,0,1,1,2,0,0,L,.279,.366,.436,.802,1,0,1
656811,Ryan O'Hearn,135,Padres,2025-09-27,3,1,1,0,0,0,1,0,0,0,L,.279,.365,.437,.802,1,0,2
656811,Ryan O'Hearn,135,Padres,2025-09-28,5,2,0,0,0,0,1,0,0,0,L,.281,.366,.437,.803,2,0,2
593428,Xander Bogaerts,135,Padres,2025-08-23,3,1,1,0,0,2,1,1,0,0,R,.264,.332,.392,.724,1,0,2
593428,Xander Bogaerts,135,Padres,2025-08-24,3,0,0,0,0,0,3,0,0,0,R,.262,.330,.390,.720,0,0,0
593428,Xander Bogaerts,135,Padres,2025-08-25,4,1,0,0,0,0,2,0,0,0,R,.262,.330,.388,.718,0,0,1
593428,Xander Bogaerts,135,Padres,2025-08-26,3,1,0,0,0,1,1,0,1,0,R,.262,.331,.388,.719,1,0,1
593428,Xander Bogaerts,135,Padres,2025-08-27,4,1,0,0,0,0,1,0,0,0,R,.262,.330,.387,.717,0,1,1
593428,Xander Bogaerts,135,Padres,2025-09-23,4,0,0,0,0,0,1,0,0,0,R,.260,.328,.384,.712,0,0,0
593428,Xander Bogaerts,135,Padres,2025-09-24,4,1,0,0,0,0,0,0,0,0,R,.260,.327,.383,.710,0,0,1
593428,Xander Bogaerts,135,Padres,2025-09-26,5,2,0,0,0,0,0,0,0,0,R,.261,.328,.383,.711,1,0,2
593428,Xander Bogaerts,135,Padres,2025-09-27,3,1,0,0,1,2,2,0,0,0,R,.262,.328,.389,.717,1,0,4
593428,Xander Bogaerts,135,Padres,2025-09-28,2,1,1,0,0,2,1,0,0,0,R,.263,.328,.391,.719,1,0,2
608324,Alex Bregman,111,Red Sox,2025-09-16,4,0,0,0,0,0,0,0,0,0,R,.275,.357,.470,.827,0,0,0
608324,Alex Bregman,111,Red Sox,2025-09-17,4,0,0,0,0,0,0,1,0,0,R,.272,.355,.465,.820,0,0,0
608324,Alex Bregman,111,Red Sox,2025-09-18,3,1,0,0,0,0,1,1,0,0,R,.273,.356,.464,.820,0,0,1
608324,Alex Bregman,111,Red Sox,2025-09-19,3,1,0,0,1,1,0,2,0,0,R,.273,.359,.471,.830,1,0,4
608324,Alex Bregman,111,Red Sox,2025-09-20,5,2,0,0,0,1,1,0,0,0,R,.275,.359,.470,.829,1,0,2
608324,Alex Bregman,111,Red Sox,2025-09-21,3,2,0,0,0,1,0,2,0,0,R,.278,.364,.471,.835,0,0,2
608324,Alex Bregman,111,Red Sox,2025-09-23,4,0,0,0,0,0,1,0,0,0,R,.275,.361,.467,.828,0,0,0
608324,Alex Bregman,111,Red Sox,2025-09-24,4,1,0,0,0,0,0,1,0,0,R,.275,.361,.465,.826,1,0,1
608324,Alex Bregman,111,Red Sox,2025-09-25,3,0,0,0,0,0,1,1,0,0,R,.273,.360,.462,.822,0,0,0
608324,Alex Bregman,111,Red Sox,2025-09-26,4,1,1,0,0,0,2,0,0,0,R,.273,.360,.462,.822,1,0,2
665966,Carlos Narváez,111,Red Sox,2025-09-14,4,1,0,0,1,1,1,0,0,0,R,.248,.318,.429,.747,1,0,4
665966,Carlos Narváez,111,Red Sox,2025-09-16,3,1,1,0,0,0,1,0,0,0,R,.249,.318,.430,.748,0,0,2
665966,Carlos Narváez,111,Red Sox,2025-09-17,4,0,0,0,0,0,2,0,0,0,R,.246,.315,.426,.741,0,0,0
665966,Carlos Narváez,111,Red Sox,2025-09-18,1,0,0,0,0,0,1,0,0,0,R,.245,.314,.425,.739,0,0,0
665966,Carlos Narváez,111,Red Sox,2025-09-19,5,0,0,0,0,0,2,0,0,0,R,.242,.311,.419,.730,0,0,0
665966,Carlos Narváez,111,Red Sox,2025-09-20,4,0,0,0,0,0,0,0,0,0,R,.240,.308,.415,.723,0,0,0
665966,Carlos Narváez,111,Red Sox,2025-09-23,4,1,1,0,0,2,0,0,0,0,R,.240,.307,.416,.723,0,0,2
665966,Carlos Narváez,111,Red Sox,2025-09-24,4,1,0,0,1,3,1,0,0,0,R,.240,.307,.422,.729,1,0,4
665966,Carlos Narváez,111,Red Sox,2025-09-26,3,1,0,0,0,0,1,0,0,0,R,.241,.307,.421,.728,0,0,1
665966,Carlos Narváez,111,Red Sox,2025-09-27,4,1,0,0,0,0,1,0,0,0,R,.241,.306,.419,.725,0,0,1
678882,Ceddanne Rafaela,111,Red Sox,2025-09-18,3,0,0,0,0,0,1,0,0,0,R,.238,.283,.400,.683,0,0,0
678882,Ceddanne Rafaela,111,Red Sox,2025-09-19,5,4,1,0,0,1,0,0,0,0,R,.243,.288,.405,.693,2,0,5
678882,Ceddanne Rafaela,111,Red Sox,2025-09-20,3,1,0,0,0,0,1,1,0,0,R,.244,.289,.405,.694,2,0,1
678882,Ceddanne Rafaela,111,Red Sox,2025-09-21,4,1,1,0,0,1,1,0,0,0,R,.244,.289,.406,.695,0,0,2
678882,Ceddanne Rafaela,111,Red Sox,2025-09-23,4,1,0,0,0,0,2,0,0,0,R,.244,.288,.405,.693,0,0,1
678882,Ceddanne Rafaela,111,Red Sox,2025-09-24,3,2,1,0,0,0,0,1,0,0,R,.246,.292,.408,.700,1,0,3
678882,Ceddanne Rafaela,111,Red Sox,2025-09-25,3,0,0,0,0,0,1,0,0,0,R,.245,.290,.406,.696,0,0,0
678882,Ceddanne Rafaela,111,Red Sox,2025-09-26,4,2,1,1,0,1,0,0,0,0,R,.247,.292,.412,.704,0,0,5
678882,Ceddanne Rafaela,111,Red Sox,2025-09-27,4,1,0,0,0,0,1,0,0,0,R,.247,.291,.411,.702,1,0,1
678882,Ceddanne Rafaela,111,Red Sox,2025-09-28,3,2,1,0,0,0,0,1,0,0,R,.249,.295,.414,.709,0,1,3
657136,Connor Wong,111,Red Sox,2025-09-03,3,1,1,0,0,0,2,0,0,0,R,.196,.267,.243,.510,0,0,2
657136,Connor Wong,111,Red Sox,2025-09-07,3,0,0,0,0,0,0,0,0,0,R,.192,.262,.238,.500,0,0,0
657136,Connor Wong,111,Red Sox,2025-09-10,3,1,0,0,0,0,0,0,0,0,R,.195,.263,.240,.503,0,0,1
657136,Connor Wong,111,Red Sox,2025-09-13,3,2,1,0,0,1,0,0,0,0,R,.204,.270,.255,.525,0,0,3
657136,Connor Wong,111,Red Sox,2025-09-16,0,0,0,0,0,0,0,0,0,0,R,.204,.270,.255,.525,0,0,0
657136,Connor Wong,111,Red Sox,2025-09-18,3,0,0,0,0,0,1,0,0,0,R,.200,.266,.250,.516,0,0,0
657136,Connor Wong,111,Red Sox,2025-09-21,4,0,0,0,0,0,2,0,0,0,R,.195,.260,.244,.504,0,0,0
657136,Connor Wong,111,Red Sox,2025-09-25,2,0,0,0,0,0,1,0,0,0,R,.193,.257,.241,.498,0,0,0
657136,Connor Wong,111,Red Sox,2025-09-26,0,0,0,0,0,0,0,0,0,0,R,.193,.257,.241,.498,0,0,0
657136,Connor Wong,111,Red Sox,2025-09-28,2,0,0,0,0,0,1,2,0,0,R,.190,.262,.238,.500,1,0,0
666152,David Hamilton,111,Red Sox,2025-09-07,3,1,0,0,0,1,1,0,0,0,L,.203,.259,.316,.575,1,1,1
666152,David Hamilton,111,Red Sox,2025-09-09,0,0,0,0,0,0,0,0,0,0,L,.203,.259,.316,.575,0,0,0
666152,David Hamilton,111,Red Sox,2025-09-10,4,1,0,0,0,0,0,0,0,0,L,.204,.259,.315,.574,0,0,1
666152,David Hamilton,111,Red Sox,2025-09-12,3,0,0,0,0,0,1,1,0,0,L,.200,.258,.309,.567,0,0,0
666152,David Hamilton,111,Red Sox,2025-09-17,1,0,0,0,0,0,0,0,0,0,L,.199,.257,.307,.564,0,1,0
666152,David Hamilton,111,Red Sox,2025-09-18,3,1,0,0,1,1,1,0,0,0,L,.201,.258,.325,.583,1,0,4
666152,David Hamilton,111,Red Sox,2025-09-20,0,0,0,0,0,0,0,0,0,0,L,.201,.258,.325,.583,0,1,0
666152,David Hamilton,111,Red Sox,2025-09-25,1,0,0,0,0,0,1,0,0,0,L,.200,.257,.324,.581,0,0,0
666152,David Hamilton,111,Red Sox,2025-09-27,4,0,0,0,0,0,3,0,0,0,L,.195,.251,.316,.567,0,0,0
666152,David Hamilton,111,Red Sox,2025-09-28,3,1,0,0,1,2,1,1,0,0,L,.198,.257,.333,.590,1,0,4
680776,Jarren Duran,111,Red Sox,2025-09-17,4,3,0,0,0,0,0,1,0,0,L,.262,.337,.451,.788,0,0,3
680776,Jarren Duran,111,Red Sox,2025-09-18,4,0,0,0,0,0,0,0,0,0,L,.260,.335,.448,.783,0,0,0
680776,Jarren Duran,111,Red Sox,2025-09-19,6,2,0,0,1,2,2,0,0,0,L,.261,.335,.452,.787,2,0,5
680776,Jarren Duran,111,Red Sox,2025-09-20,4,1,0,0,0,0,3,1,0,0,L,.261,.336,.450,.786,1,1,1
680776,Jarren Duran,111,Red Sox,2025-09-21,4,1,0,0,0,0,2,1,0,0,L,.260,.336,.449,.785,1,0,1
680776,Jarren Duran,111,Red Sox,2025-09-23,5,0,0,0,0,0,3,0,0,0,L,.258,.334,.445,.779,0,0,0
680776,Jarren Duran,111,Red Sox,2025-09-24,4,0,0,0,0,0,2,1,0,0,L,.257,.333,.442,.775,0,0,0
680776,Jarren Duran,111,Red Sox,2025-09-25,3,1,1,0,0,0,0,0,1,0,L,.257,.334,.444,.778,1,0,2
680776,Jarren Duran,111,Red Sox,2025-09-26,4,1,0,0,0,1,1,0,0,0,L,.257,.333,.442,.775,0,0,1
680776,Jarren Duran,111,Red Sox,2025-09-28,5,1,1,0,0,1,1,0,0,0,L,.256,.332,.442,.774,0,0,2
807799,Masataka Yoshida,111,Red Sox,2025-09-18,2,0,0,0,0,1,0,0,0,1,L,.240,.285,.333,.618,0,0,0
807799,Masataka Yoshida,111,Red Sox,2025-09-19,4,1,1,0,0,1,0,1,0,0,L,.240,.288,.338,.626,1,0,2
807799,Masataka Yoshida,111,Red Sox,2025-09-20,5,2,0,0,0,1,0,0,0,0,L,.245,.291,.340,.631,0,0,2
807799,Masataka Yoshida,111,Red Sox,2025-09-21,5,2,0,0,0,0,0,0,0,0,L,.250,.294,.341,.635,0,0,2
807799,Masataka Yoshida,111,Red Sox,2025-09-23,4,2,1,0,0,0,0,0,0,0,L,.256,.299,.351,.650,1,0,3
807799,Masataka Yoshida,111,Red Sox,2025-09-24,5,2,1,0,1,2,0,0,0,0,L,.260,.302,.376,.678,2,0,6
807799,Masataka Yoshida,111,Red Sox,2025-09-25,3,1,0,0,0,0,0,1,0,0,L,.261,.306,.375,.681,0,0,1
807799,Masataka Yoshida,111,Red Sox,2025-09-26,4,3,0,0,0,1,0,0,0,0,L,.272,.315,.383,.698,1,0,3
807799,Masataka Yoshida,111,Red Sox,2025-09-27,4,0,0,0,0,0,1,0,0,0,L,.266,.308,.375,.683,0,0,0
807799,Masataka Yoshida,111,Red Sox,2025-09-28,4,1,0,0,1,1,0,0,0,0,L,.266,.307,.388,.695,1,0,4
681987,Nate Eaton,111,Red Sox,2025-09-16,4,1,0,0,0,0,0,0,0,0,R,.288,.342,.394,.736,0,0,1
681987,Nate Eaton,111,Red Sox,2025-09-17,0,0,0,0,0,0,0,0,0,0,R,.288,.342,.394,.736,1,0,0
681987,Nate Eaton,111,Red Sox,2025-09-18,3,2,0,0,0,0,0,0,0,0,R,.304,.355,.406,.761,0,1,2
681987,Nate Eaton,111,Red Sox,2025-09-19,4,2,0,0,0,1,1,1,0,0,R,.315,.370,.411,.781,2,1,2
681987,Nate Eaton,111,Red Sox,2025-09-20,4,0,0,0,0,0,0,0,0,0,R,.299,.353,.390,.743,0,1,0
681987,Nate Eaton,111,Red Sox,2025-09-23,0,0,0,0,0,0,0,0,0,0,R,.299,.353,.390,.743,0,0,0
681987,Nate Eaton,111,Red Sox,2025-09-25,1,0,0,0,0,0,0,0,0,0,R,.295,.349,.385,.734,0,0,0
681987,Nate Eaton,111,Red Sox,2025-09-26,0,0,0,0,0,0,0,0,0,0,R,.295,.349,.385,.734,1,1,0
681987,Nate Eaton,111,Red Sox,2025-09-27,3,1,0,0,0,0,1,0,0,0,R,.296,.348,.383,.731,0,0,1
681987,Nate Eaton,111,Red Sox,2025-09-28,0,0,0,0,0,0,0,0,0,0,R,.296,.348,.383,.731,0,0,0
663993,Nathaniel Lowe,111,Red Sox,2025-09-18,3,1,0,0,0,0,0,0,0,0,L,.223,.301,.379,.680,0,0,1
663993,Nathaniel Lowe,111,Red Sox,2025-09-19,3,1,0,0,0,2,1,1,1,0,L,.223,.304,.379,.683,1,0,1
663993,Nathaniel Lowe,111,Red Sox,2025-09-20,3,1,0,0,0,1,0,0,0,1,L,.224,.304,.378,.682,0,0,1
663993,Nathaniel Lowe,111,Red Sox,2025-09-21,4,1,1,0,0,0,3,0,0,0,L,.224,.303,.379,.682,1,0,2
663993,Nathaniel Lowe,111,Red Sox,2025-09-23,2,2,0,0,0,2,0,2,0,0,L,.227,.308,.382,.690,1,0,2
663993,Nathaniel Lowe,111,Red Sox,2025-09-24,4,0,0,0,0,0,2,0,0,0,L,.225,.306,.379,.685,0,0,0
663993,Nathaniel Lowe,111,Red Sox,2025-09-25,3,1,0,0,0,0,1,0,0,0,L,.226,.306,.379,.685,0,0,1
663993,Nathaniel Lowe,111,Red Sox,2025-09-26,2,1,1,0,0,1,1,0,0,1,L,.227,.306,.381,.687,0,0,2
663993,Nathaniel Lowe,111,Red Sox,2025-09-27,4,1,0,0,0,0,1,0,0,0,L,.227,.306,.380,.686,0,0,1
663993,Nathaniel Lowe,111,Red Sox,2025-09-28,3,1,1,0,0,0,0,1,0,0,L,.228,.307,.381,.688,0,0,2
686765,Nick Sogard,111,Red Sox,2025-09-08,4,1,0,0,0,1,1,0,0,0,S,.254,.321,.338,.659,0,0,1
686765,Nick Sogard,111,Red Sox,2025-09-09,4,1,1,0,0,0,2,0,0,0,S,.253,.317,.347,.664,1,0,2
686765,Nick Sogard,111,Red Sox,2025-09-10,4,1,0,0,0,0,1,0,0,0,S,.253,.314,.342,.656,0,1,1
686765,Nick Sogard,111,Red Sox,2025-09-13,4,2,0,0,0,0,1,0,0,0,S,.265,.322,.349,.671,0,0,2
686765,Nick Sogard,111,Red Sox,2025-09-16,3,1,0,0,0,0,1,1,0,0,S,.267,.330,.349,.679,0,0,1
686765,Nick Sogard,111,Red Sox,2025-09-17,1,0,0,0,0,1,0,0,0,0,S,.264,.326,.345,.671,0,0,0
686765,Nick Sogard,111,Red Sox,2025-09-18,1,0,0,0,0,0,1,0,0,0,S,.261,.323,.341,.664,0,0,0
686765,Nick Sogard,111,Red Sox,2025-09-19,1,0,0,0,0,0,0,0,0,0,S,.258,.320,.337,.657,0,0,0
686765,Nick Sogard,111,Red Sox,2025-09-27,3,1,0,0,0,1,1,0,0,0,S,.261,.320,.337,.657,0,0,1
686765,Nick Sogard,111,Red Sox,2025-09-28,4,1,1,0,0,0,2,0,0,0,S,.260,.317,.344,.661,1,0,2
608701,Rob Refsnyder,111,Red Sox,2025-09-09,5,2,0,0,1,3,1,0,0,0,R,.281,.361,.500,.861,1,0,5
608701,Rob Refsnyder,111,Red Sox,2025-09-10,1,1,1,0,0,1,0,0,0,0,R,.286,.364,.509,.873,0,0,2
608701,Rob Refsnyder,111,Red Sox,2025-09-13,3,0,0,0,0,0,1,1,0,0,R,.280,.362,.500,.862,0,0,0
608701,Rob Refsnyder,111,Red Sox,2025-09-14,4,1,0,0,0,1,1,0,0,0,R,.280,.359,.494,.853,0,0,1
608701,Rob Refsnyder,111,Red Sox,2025-09-16,1,0,0,0,0,0,0,3,0,0,R,.278,.367,.491,.858,1,0,0
608701,Rob Refsnyder,111,Red Sox,2025-09-17,5,1,0,0,1,1,2,0,0,0,R,.276,.363,.500,.863,1,0,4
608701,Rob Refsnyder,111,Red Sox,2025-09-18,1,0,0,0,0,0,0,0,0,0,R,.274,.361,.497,.858,0,0,0
608701,Rob Refsnyder,111,Red Sox,2025-09-23,1,0,0,0,0,0,0,0,0,0,R,.273,.360,.494,.854,0,0,0
608701,Rob Refsnyder,111,Red Sox,2025-09-25,2,0,0,0,0,0,1,0,0,0,R,.270,.356,.489,.845,0,0,0
608701,Rob Refsnyder,111,Red Sox,2025-09-27,4,1,0,0,0,0,2,0,0,0,R,.269,.354,.484,.838,0,0,1
663853,Romy Gonzalez,111,Red Sox,2025-09-16,5,0,0,0,0,0,0,0,0,0,R,.306,.339,.496,.835,0,0,0
663853,Romy Gonzalez,111,Red Sox,2025-09-17,5,0,0,0,0,0,3,0,0,0,R,.301,.333,.488,.821,0,0,0
663853,Romy Gonzalez,111,Red Sox,2025-09-18,1,0,0,0,0,0,0,0,0,0,R,.300,.332,.486,.818,0,0,0
663853,Romy Gonzalez,111,Red Sox,2025-09-19,5,1,1,0,0,0,0,0,0,0,R,.298,.330,.485,.815,1,0,2
663853,Romy Gonzalez,111,Red Sox,2025-09-20,2,2,0,0,0,1,0,1,1,1,R,.303,.338,.488,.826,1,1,2
663853,Romy Gonzalez,111,Red Sox,2025-09-21,2,2,0,0,0,1,0,2,0,0,R,.308,.346,.492,.838,0,0,2
663853,Romy Gonzalez,111,Red Sox,2025-09-23,3,1,1,0,0,0,2,1,0,0,R,.308,.348,.493,.841,1,0,2
663853,Romy Gonzalez,111,Red Sox,2025-09-24,5,2,0,0,0,2,1,0,0,0,R,.309,.348,.492,.840,1,0,2
663853,Romy Gonzalez,111,Red Sox,2025-09-25,4,0,0,0,0,0,2,0,0,0,R,.305,.344,.486,.830,0,0,0
663853,Romy Gonzalez,111,Red Sox,2025-09-26,4,1,0,0,0,0,1,0,0,0,R,.305,.343,.483,.826,1,0,1
596115,Trevor Story,111,Red Sox,2025-09-17,4,2,0,0,0,1,0,1,0,0,R,.266,.313,.440,.753,1,1,2
596115,Trevor Story,111,Red Sox,2025-09-18,4,2,1,0,1,1,1,0,0,0,R,.268,.314,.447,.761,2,0,6
596115,Trevor Story,111,Red Sox,2025-09-19,6,0,0,0,0,1,2,0,0,0,R,.265,.311,.442,.753,1,0,0
596115,Trevor Story,111,Red Sox,2025-09-20,4,1,0,0,0,1,0,1,0,0,R,.265,.312,.441,.753,1,0,1
596115,Trevor Story,111,Red Sox,2025-09-21,5,1,0,0,0,0,2,0,0,0,R,.264,.311,.439,.750,1,0,1
596115,Trevor Story,111,Red Sox,2025-09-23,5,1,1,0,0,0,1,0,0,0,R,.264,.310,.439,.749,0,0,2
596115,Trevor Story,111,Red Sox,2025-09-24,5,3,0,0,0,0,2,0,0,0,R,.267,.312,.440,.752,1,0,3
596115,Trevor Story,111,Red Sox,2025-09-25,4,1,0,0,0,1,0,0,0,0,R,.267,.312,.439,.751,0,0,1
596115,Trevor Story,111,Red Sox,2025-09-26,4,0,0,0,0,0,2,0,0,0,R,.265,.310,.436,.746,0,0,0
596115,Trevor Story,111,Red Sox,2025-09-28,4,0,0,0,0,0,2,0,0,0,R,.263,.308,.433,.741,0,0,0
677800,Wilyer Abreu,111,Red Sox,2025-08-15,3,0,0,0,0,0,1,0,0,0,L,.252,.326,.481,.807,0,0,0
677800,Wilyer Abreu,111,Red Sox,2025-08-16,4,0,0,0,0,0,2,0,0,0,L,.249,.322,.476,.798,0,0,0
677800,Wilyer Abreu,111,Red Sox,2025-08-17,3,2,0,0,1,2,0,0,0,0,L,.253,.325,.486,.811,2,0,5
677800,Wilyer Abreu,111,Red Sox,2025-09-21,4,0,0,0,0,0,4,0,0,0,L,.250,.322,.480,.802,0,0,0
677800,Wilyer Abreu,111,Red Sox,2025-09-23,3,1,1,0,0,0,0,0,0,0,L,.251,.322,.482,.804,1,0,2
677800,Wilyer Abreu,111,Red Sox,2025-09-24,4,1,0,0,0,0,0,0,0,0,L,.251,.321,.479,.800,0,0,1
677800,Wilyer Abreu,111,Red Sox,2025-09-25,0,0,0,0,0,0,0,0,0,0,L,.251,.321,.479,.800,0,0,0
677800,Wilyer Abreu,111,Red Sox,2025-09-26,3,0,0,0,0,0,1,0,0,0,L,.249,.319,.475,.794,0,0,0
677800,Wilyer Abreu,111,Red Sox,2025-09-27,4,1,0,0,0,0,2,0,0,0,L,.249,.318,.473,.791,0,0,1
677800,Wilyer Abreu,111,Red Sox,2025-09-28,3,0,0,0,0,0,1,1,0,0,L,.247,.317,.469,.786,0,0,0
608348,Carson Kelly,112,Cubs,2025-09-15,4,1,0,0,0,0,0,0,0,0,R,.254,.340,.447,.787,0,0,1
608348,Carson Kelly,112,Cubs,2025-09-16,5,2,1,0,0,0,1,0,0,0,R,.257,.341,.449,.790,0,0,3
608348,Carson Kelly,112,Cubs,2025-09-18,3,0,0,0,0,0,1,0,0,0,R,.254,.338,.445,.783,0,0,0
608348,Carson Kelly,112,Cubs,2025-09-19,4,2,0,0,0,0,1,0,0,0,R,.257,.340,.446,.786,0,0,2
608348,Carson Kelly,112,Cubs,2025-09-20,0,0,0,0,0,0,0,0,0,0,R,.257,.340,.446,.786,0,0,0
608348,Carson Kelly,112,Cubs,2025-09-21,3,0,0,0,0,0,1,1,0,0,R,.255,.339,.442,.781,0,0,0
608348,Carson Kelly,112,Cubs,2025-09-23,4,0,0,0,0,0,1,1,0,0,R,.252,.337,.437,.774,1,1,0
608348,Carson Kelly,112,Cubs,2025-09-24,4,0,0,0,0,0,2,0,0,0,R,.249,.334,.432,.766,0,0,0
608348,Carson Kelly,112,Cubs,2025-09-25,4,1,0,0,0,0,1,0,0,0,R,.249,.333,.430,.763,0,0,1
608348,Carson Kelly,112,Cubs,2025-09-27,4,1,0,0,0,0,1,0,0,0,R,.249,.333,.428,.761,0,0,1
621020,Dansby Swanson,112,Cubs,2025-09-18,3,0,0,0,0,0,0,0,0,0,R,.249,.303,.419,.722,0,0,0
621020,Dansby Swanson,112,Cubs,2025-09-19,4,1,0,0,1,1,2,0,0,0,R,.249,.303,.423,.726,1,0,4
621020,Dansby Swanson,112,Cubs,2025-09-20,4,0,0,0,0,0,1,0,0,0,R,.247,.301,.420,.721,0,0,0
621020,Dansby Swanson,112,Cubs,2025-09-21,4,1,0,0,0,0,0,0,0,0,R,.247,.301,.419,.720,0,1,1
621020,Dansby Swanson,112,Cubs,2025-09-23,5,0,0,0,0,0,1,0,0,0,R,.245,.298,.415,.713,0,0,0
621020,Dansby Swanson,112,Cubs,2025-09-24,4,1,0,0,0,0,1,0,0,0,R,.245,.298,.414,.712,0,0,1
621020,Dansby Swanson,112,Cubs,2025-09-25,3,1,0,0,1,1,0,1,0,0,R,.245,.299,.419,.718,1,0,4
621020,Dansby Swanson,112,Cubs,2025-09-26,3,0,0,0,0,0,1,1,0,0,R,.244,.299,.416,.715,1,1,0
621020,Dansby Swanson,112,Cubs,2025-09-27,3,1,1,0,0,0,0,1,0,0,R,.244,.300,.418,.718,0,1,2
621020,Dansby Swanson,112,Cubs,2025-09-28,1,0,0,0,0,0,0,0,0,0,R,.244,.300,.417,.717,0,0,0
664023,Ian Happ,112,Cubs,2025-09-18,4,0,0,0,0,0,2,0,0,0,S,.241,.344,.422,.766,0,0,0
664023,Ian Happ,112,Cubs,2025-09-19,5,2,1,0,0,1,1,0,0,0,S,.243,.345,.424,.769,0,0,3
664023,Ian Happ,112,Cubs,2025-09-20,4,0,0,0,0,0,2,0,0,0,S,.241,.343,.421,.764,0,0,0
664023,Ian Happ,112,Cubs,2025-09-21,4,1,0,0,0,0,2,0,0,0,S,.241,.342,.420,.762,0,0,1
664023,Ian Happ,112,Cubs,2025-09-23,4,1,1,0,0,2,2,1,0,0,S,.241,.343,.420,.763,0,0,2
664023,Ian Happ,112,Cubs,2025-09-24,4,1,1,0,0,2,1,0,0,0,S,.241,.342,.421,.763,1,0,2
664023,Ian Happ,112,Cubs,2025-09-25,3,1,1,0,0,0,1,1,0,0,S,.242,.343,.422,.765,1,0,2
664023,Ian Happ,112,Cubs,2025-09-26,4,2,0,0,0,1,1,0,0,0,S,.243,.344,.423,.767,1,0,2
664023,Ian Happ,112,Cubs,2025-09-27,4,1,0,0,0,0,3,0,0,0,S,.243,.343,.422,.765,0,0,1
664023,Ian Happ,112,Cubs,2025-09-28,2,0,0,0,0,0,0,0,0,0,S,.243,.342,.420,.762,0,0,0
457759,Justin Turner,112,Cubs,2025-09-02,2,1,0,0,0,0,1,0,0,0,R,.215,.284,.315,.599,0,0,1
457759,Justin Turner,112,Cubs,2025-09-06,1,0,0,0,0,0,0,0,0,0,R,.213,.282,.313,.595,0,0,0
457759,Justin Turner,112,Cubs,2025-09-07,3,0,0,0,0,0,3,1,0,0,R,.209,.282,.307,.589,0,0,0
457759,Justin Turner,112,Cubs,2025-09-10,2,1,1,0,0,1,1,0,0,0,R,.213,.284,.316,.600,0,0,2
457759,Justin Turner,112,Cubs,2025-09-17,2,2,0,0,0,2,0,0,0,0,R,.223,.292,.325,.617,0,0,2
457759,Justin Turner,112,Cubs,2025-09-19,3,1,0,0,0,0,2,0,0,0,R,.225,.293,.325,.618,0,0,1
457759,Justin Turner,112,Cubs,2025-09-21,3,0,0,0,0,0,0,0,0,0,R,.221,.288,.319,.607,0,0,0
457759,Justin Turner,112,Cubs,2025-09-23,3,1,0,0,0,0,1,1,0,0,R,.223,.293,.319,.612,1,0,1
457759,Justin Turner,112,Cubs,2025-09-25,1,0,0,0,0,0,1,0,0,0,R,.222,.291,.317,.608,0,0,0
457759,Justin Turner,112,Cubs,2025-09-28,2,0,0,0,0,0,1,0,0,0,R,.219,.288,.314,.602,0,0,0
682634,Kevin Alcántara,112,Cubs,2025-09-02,3,1,0,0,0,0,2,0,0,0,R,.333,.333,.333,.666,1,0,1
682634,Kevin Alcántara,112,Cubs,2025-09-06,0,0,0,0,0,0,0,0,0,0,R,.333,.333,.333,.666,0,0,0
682634,Kevin Alcántara,112,Cubs,2025-09-07,3,0,0,0,0,0,1,1,0,0,R,.167,.286,.167,.453,0,0,0
682634,Kevin Alcántara,112,Cubs,2025-09-14,0,0,0,0,0,0,0,0,0,0,R,.167,.286,.167,.453,0,0,0
682634,Kevin Alcántara,112,Cubs,2025-09-17,1,0,0,0,0,0,1,0,0,0,R,.143,.250,.143,.393,0,0,0
682634,Kevin Alcántara,112,Cubs,2025-09-20,0,0,0,0,0,0,0,0,0,0,R,.143,.250,.143,.393,0,0,0
682634,Kevin Alcántara,112,Cubs,2025-09-21,2,1,0,0,0,0,0,0,0,0,R,.222,.300,.222,.522,0,0,1
682634,Kevin Alcántara,112,Cubs,2025-09-23,0,0,0,0,0,0,0,0,0,0,R,.222,.300,.222,.522,0,1,0
682634,Kevin Alcántara,112,Cubs,2025-09-26,1,1,0,0,0,1,0,0,0,0,R,.300,.364,.300,.664,0,0,1
682634,Kevin Alcántara,112,Cubs,2025-09-28,1,1,0,0,0,0,0,0,0,0,R,.364,.417,.364,.781,1,0,1
663656,Kyle Tucker,112,Cubs,2025-08-27,3,1,0,0,0,0,2,0,0,0,L,.263,.374,.462,.836,0,0,1
663656,Kyle Tucker,112,Cubs,2025-08-28,3,2,1,0,0,0,1,1,0,0,L,.265,.377,.465,.842,1,0,3
663656,Kyle Tucker,112,Cubs,2025-08-29,3,0,0,0,0,0,0,2,0,0,L,.264,.377,.462,.839,1,0,0
663656,Kyle Tucker,112,Cubs,2025-08-30,3,2,1,0,0,1,0,1,1,0,L,.266,.381,.465,.846,2,0,3
663656,Kyle Tucker,112,Cubs,2025-08-31,4,3,1,0,0,0,1,0,0,0,L,.270,.383,.470,.853,1,0,4
663656,Kyle Tucker,112,Cubs,2025-09-01,5,0,0,0,0,0,1,0,0,0,L,.267,.380,.465,.845,0,0,0
663656,Kyle Tucker,112,Cubs,2025-09-02,3,2,0,0,1,3,0,0,0,0,L,.270,.381,.472,.853,1,0,5
663656,Kyle Tucker,112,Cubs,2025-09-26,4,1,0,0,0,0,0,1,0,0,L,.270,.382,.471,.853,2,0,1
663656,Kyle Tucker,112,Cubs,2025-09-27,4,0,0,0,0,0,1,0,0,0,L,.268,.379,.467,.846,0,0,0
663656,Kyle Tucker,112,Cubs,2025-09-28,3,0,0,0,0,0,1,0,0,0,L,.266,.377,.464,.841,0,0,0
807713,Matt Shaw,112,Cubs,2025-09-16,4,1,0,0,0,0,2,0,0,0,R,.224,.291,.378,.669,0,0,1
807713,Matt Shaw,112,Cubs,2025-09-17,3,0,0,0,0,0,0,2,0,0,R,.222,.292,.375,.667,1,0,0
807713,Matt Shaw,112,Cubs,2025-09-18,3,0,0,0,0,0,2,0,0,0,R,.220,.290,.372,.662,0,0,0
807713,Matt Shaw,112,Cubs,2025-09-19,4,2,1,0,1,2,0,0,0,0,R,.223,.292,.384,.676,1,0,6
807713,Matt Shaw,112,Cubs,2025-09-20,4,1,1,0,0,0,0,0,0,0,R,.223,.292,.386,.678,0,0,2
807713,Matt Shaw,112,Cubs,2025-09-23,3,1,0,0,0,0,2,1,0,0,R,.224,.294,.385,.679,1,0,1
807713,Matt Shaw,112,Cubs,2025-09-24,4,3,0,0,1,1,1,0,0,0,R,.230,.298,.397,.695,3,1,6
807713,Matt Shaw,112,Cubs,2025-09-25,3,0,0,0,0,0,3,0,0,0,R,.228,.296,.394,.690,0,0,0
807713,Matt Shaw,112,Cubs,2025-09-26,4,1,0,1,0,1,1,0,0,0,R,.228,.296,.397,.693,1,0,3
807713,Matt Shaw,112,Cubs,2025-09-27,3,0,0,0,0,0,2,1,0,0,R,.226,.295,.394,.689,2,0,0
683737,Michael Busch,112,Cubs,2025-09-18,3,0,0,0,0,0,1,1,0,0,L,.257,.337,.493,.830,0,0,0
683737,Michael Busch,112,Cubs,2025-09-19,2,0,0,0,0,0,1,0,0,0,L,.256,.336,.491,.827,0,0,0
683737,Michael Busch,112,Cubs,2025-09-20,4,1,0,0,1,1,1,0,0,0,L,.255,.335,.495,.830,1,0,4
683737,Michael Busch,112,Cubs,2025-09-21,3,1,0,0,0,0,0,1,0,0,L,.256,.336,.494,.830,0,0,1
683737,Michael Busch,112,Cubs,2025-09-23,3,0,0,0,0,0,1,1,0,0,L,.254,.336,.491,.827,0,0,0
683737,Michael Busch,112,Cubs,2025-09-24,4,2,1,0,1,2,0,1,0,0,L,.256,.338,.499,.837,2,0,6
683737,Michael Busch,112,Cubs,2025-09-25,3,0,0,0,0,0,1,0,0,0,L,.255,.336,.496,.832,0,0,0
683737,Michael Busch,112,Cubs,2025-09-26,3,2,1,0,1,2,0,1,0,0,L,.257,.339,.505,.844,2,0,6
683737,Michael Busch,112,Cubs,2025-09-27,4,4,1,1,2,4,0,1,0,0,L,.263,.345,.526,.871,2,0,13
683737,Michael Busch,112,Cubs,2025-09-28,3,0,0,0,0,0,1,0,0,0,L,.261,.343,.523,.866,0,0,0
694208,Moisés Ballesteros,112,Cubs,2025-09-16,4,2,0,0,0,0,2,1,0,0,L,.306,.390,.472,.862,1,0,2
694208,Moisés Ballesteros,112,Cubs,2025-09-17,3,1,0,0,1,1,1,0,0,0,L,.308,.386,.538,.924,1,0,4
694208,Moisés Ballesteros,112,Cubs,2025-09-18,3,0,0,0,0,0,1,0,0,0,L,.286,.362,.500,.862,0,0,0
694208,Moisés Ballesteros,112,Cubs,2025-09-19,0,0,0,0,0,0,0,1,0,0,L,.286,.375,.500,.875,0,0,0
694208,Moisés Ballesteros,112,Cubs,2025-09-20,3,0,0,0,0,0,1,1,0,0,L,.267,.365,.467,.832,0,0,0
694208,Moisés Ballesteros,112,Cubs,2025-09-21,1,0,0,0,0,0,0,1,0,0,L,.261,.370,.457,.827,0,0,0
694208,Moisés Ballesteros,112,Cubs,2025-09-24,3,2,0,0,0,1,1,1,0,0,L,.286,.397,.469,.866,2,0,2
694208,Moisés Ballesteros,112,Cubs,2025-09-25,4,1,1,0,0,0,2,0,0,0,L,.283,.387,.472,.859,1,0,2
694208,Moisés Ballesteros,112,Cubs,2025-09-26,1,1,0,0,0,0,0,0,0,0,L,.296,.397,.481,.878,1,0,1
694208,Moisés Ballesteros,112,Cubs,2025-09-28,3,1,0,0,0,1,1,0,0,0,L,.298,.394,.474,.868,0,0,1
663538,Nico Hoerner,112,Cubs,2025-09-18,4,0,0,0,0,0,1,0,0,0,R,.301,.350,.399,.749,0,0,0
663538,Nico Hoerner,112,Cubs,2025-09-19,5,1,0,0,0,0,1,0,0,0,R,.300,.349,.397,.746,1,0,1
663538,Nico Hoerner,112,Cubs,2025-09-20,4,2,0,0,0,0,0,0,0,0,R,.301,.350,.398,.748,0,0,2
663538,Nico Hoerner,112,Cubs,2025-09-21,4,0,0,0,0,0,0,0,0,0,R,.299,.348,.395,.743,0,0,0
663538,Nico Hoerner,112,Cubs,2025-09-23,5,3,0,0,0,1,1,0,0,0,R,.302,.350,.397,.747,4,1,3
663538,Nico Hoerner,112,Cubs,2025-09-24,4,1,0,0,0,0,0,1,0,0,R,.301,.350,.396,.746,1,0,1
663538,Nico Hoerner,112,Cubs,2025-09-25,4,0,0,0,0,0,2,0,0,0,R,.299,.348,.393,.741,0,0,0
663538,Nico Hoerner,112,Cubs,2025-09-26,5,2,0,0,1,1,1,0,0,0,R,.300,.348,.398,.746,2,0,5
663538,Nico Hoerner,112,Cubs,2025-09-27,5,0,0,0,0,0,0,0,0,0,R,.297,.346,.395,.741,0,0,0
663538,Nico Hoerner,112,Cubs,2025-09-28,4,1,0,0,0,0,1,0,0,0,R,.297,.345,.394,.739,0,0,1
691718,Pete Crow-Armstrong,112,Cubs,2025-09-18,3,0,0,0,0,0,0,0,0,0,L,.246,.287,.481,.768,0,0,0
691718,Pete Crow-Armstrong,112,Cubs,2025-09-19,4,2,0,0,0,0,1,0,0,0,L,.248,.289,.481,.770,1,0,2
691718,Pete Crow-Armstrong,112,Cubs,2025-09-20,4,0,0,0,0,0,1,0,0,0,L,.246,.287,.478,.765,0,0,0
691718,Pete Crow-Armstrong,112,Cubs,2025-09-21,2,0,0,0,0,0,1,0,0,0,L,.245,.286,.476,.762,0,0,0
691718,Pete Crow-Armstrong,112,Cubs,2025-09-23,3,1,0,0,0,0,1,0,0,0,L,.246,.286,.476,.762,0,0,1
691718,Pete Crow-Armstrong,112,Cubs,2025-09-24,3,0,0,0,0,1,0,0,0,1,L,.244,.284,.473,.757,1,0,0
691718,Pete Crow-Armstrong,112,Cubs,2025-09-25,4,1,0,0,0,0,2,0,0,0,L,.244,.284,.472,.756,0,0,1
691718,Pete Crow-Armstrong,112,Cubs,2025-09-26,3,1,0,0,1,2,1,0,1,0,L,.245,.285,.476,.761,1,0,4
691718,Pete Crow-Armstrong,112,Cubs,2025-09-27,4,2,0,0,1,2,1,0,0,0,L,.247,.287,.481,.768,1,0,5
691718,Pete Crow-Armstrong,112,Cubs,2025-09-28,3,1,0,0,0,0,0,0,0,0,L,.247,.287,.481,.768,0,0,1
624512,Reese McGuire,112,Cubs,2025-08-31,4,0,0,0,0,0,0,0,0,0,L,.217,.241,.425,.666,0,0,0
624512,Reese McGuire,112,Cubs,2025-09-03,3,1,0,0,0,0,1,0,0,0,L,.220,.243,.422,.665,0,0,1
624512,Reese McGuire,112,Cubs,2025-09-05,4,2,0,0,1,1,0,0,0,0,L,.230,.252,.451,.703,1,0,5
624512,Reese McGuire,112,Cubs,2025-09-08,3,0,0,0,0,0,0,0,0,0,L,.224,.246,.440,.686,0,0,0
624512,Reese McGuire,112,Cubs,2025-09-14,4,0,0,0,0,0,1,0,0,0,L,.217,.238,.425,.663,0,0,0
624512,Reese McGuire,112,Cubs,2025-09-17,5,1,0,0,0,0,0,0,0,0,L,.216,.237,.416,.653,0,0,1
624512,Reese McGuire,112,Cubs,2025-09-20,3,2,1,0,1,2,0,0,0,0,L,.227,.246,.453,.699,1,0,6
624512,Reese McGuire,112,Cubs,2025-09-24,0,0,0,0,0,0,0,0,0,0,L,.227,.246,.453,.699,0,0,0
624512,Reese McGuire,112,Cubs,2025-09-26,4,0,0,0,0,0,1,0,0,0,L,.220,.239,.439,.678,0,0,0
624512,Reese McGuire,112,Cubs,2025-09-28,1,1,0,0,0,0,0,0,0,0,L,.226,.245,.444,.689,0,0,1
673548,Seiya Suzuki,112,Cubs,2025-09-18,3,1,1,0,0,0,1,0,0,0,R,.244,.324,.459,.783,0,0,2
673548,Seiya Suzuki,112,Cubs,2025-09-19,2,0,0,0,0,0,0,2,0,0,R,.243,.325,.458,.783,0,0,0
673548,Seiya Suzuki,112,Cubs,2025-09-20,1,0,0,0,0,0,1,0,0,0,R,.242,.324,.457,.781,0,0,0
673548,Seiya Suzuki,112,Cubs,2025-09-21,4,1,0,0,0,0,1,0,0,0,R,.242,.324,.455,.779,0,0,1
673548,Seiya Suzuki,112,Cubs,2025-09-23,5,1,0,0,0,1,1,0,0,0,R,.242,.323,.453,.776,0,0,1
673548,Seiya Suzuki,112,Cubs,2025-09-24,4,1,1,0,0,1,0,0,0,0,R,.242,.322,.453,.775,0,0,2
673548,Seiya Suzuki,112,Cubs,2025-09-25,4,2,0,0,2,4,1,0,0,0,R,.244,.323,.464,.787,2,0,8
673548,Seiya Suzuki,112,Cubs,2025-09-26,4,1,0,0,1,4,1,0,0,0,R,.244,.323,.468,.791,1,0,4
673548,Seiya Suzuki,112,Cubs,2025-09-27,2,1,0,0,1,1,0,2,0,0,R,.245,.326,.474,.800,2,0,4
673548,Seiya Suzuki,112,Cubs,2025-09-28,3,1,0,0,1,1,2,0,0,0,R,.245,.326,.478,.804,1,0,4
650489,Willi Castro,112,Cubs,2025-09-09,3,1,0,0,0,0,1,1,0,0,S,.230,.314,.376,.690,1,0,1
650489,Willi Castro,112,Cubs,2025-09-10,3,1,0,0,0,0,1,0,0,0,S,.231,.314,.375,.689,0,0,1
650489,Willi Castro,112,Cubs,2025-09-12,2,1,0,0,0,0,1,2,0,0,S,.232,.318,.376,.694,1,0,1
650489,Willi Castro,112,Cubs,2025-09-13,1,0,0,0,0,0,0,1,0,0,S,.232,.319,.375,.694,0,0,0
650489,Willi Castro,112,Cubs,2025-09-14,3,1,0,0,0,0,0,1,0,0,S,.233,.320,.375,.695,1,0,1
650489,Willi Castro,112,Cubs,2025-09-15,3,0,0,0,0,0,1,1,0,0,S,.231,.320,.372,.692,0,0,0
650489,Willi Castro,112,Cubs,2025-09-16,5,0,0,0,0,0,3,0,0,0,S,.228,.316,.367,.683,0,0,0
650489,Willi Castro,112,Cubs,2025-09-20,3,1,1,0,0,0,0,0,0,0,S,.229,.316,.369,.685,1,0,2
650489,Willi Castro,112,Cubs,2025-09-21,1,0,0,0,0,0,1,0,0,0,S,.228,.316,.368,.684,0,0,0
650489,Willi Castro,112,Cubs,2025-09-28,3,0,0,0,0,0,2,0,0,0,S,.226,.313,.366,.679,0,0,0
682657,Angel Martínez,114,Guardians,2025-09-17,2,1,0,0,0,1,1,0,0,0,S,.230,.269,.371,.640,0,0,1
682657,Angel Martínez,114,Guardians,2025-09-18,3,1,0,0,0,0,1,2,0,0,S,.230,.273,.371,.644,1,0,1
682657,Angel Martínez,114,Guardians,2025-09-19,5,1,1,0,0,1,2,0,0,0,S,.230,.272,.371,.643,0,0,2
682657,Angel Martínez,114,Guardians,2025-09-20,3,0,0,0,0,0,1,1,0,0,S,.228,.272,.368,.640,0,0,0
682657,Angel Martínez,114,Guardians,2025-09-20,1,0,0,0,0,0,1,0,0,0,S,.228,.271,.367,.638,0,0,0
682657,Angel Martínez,114,Guardians,2025-09-21,3,0,0,0,0,0,0,0,0,0,S,.226,.269,.365,.634,0,0,0
682657,Angel Martínez,114,Guardians,2025-09-23,2,1,0,0,0,0,0,0,0,0,S,.228,.270,.366,.636,1,0,1
682657,Angel Martínez,114,Guardians,2025-09-25,4,0,0,0,0,0,1,0,0,0,S,.226,.268,.362,.630,0,0,0
682657,Angel Martínez,114,Guardians,2025-09-27,4,0,0,0,0,0,1,0,0,0,S,.223,.266,.359,.625,0,0,0
682657,Angel Martínez,114,Guardians,2025-09-28,3,1,0,0,0,0,0,1,1,0,S,.224,.269,.359,.628,2,1,1
595978,Austin Hedges,114,Guardians,2025-09-05,3,1,0,0,1,1,0,1,0,0,R,.150,.238,.286,.524,2,0,4
595978,Austin Hedges,114,Guardians,2025-09-07,4,0,0,0,0,0,2,0,0,0,R,.146,.232,.277,.509,0,0,0
595978,Austin Hedges,114,Guardians,2025-09-09,3,0,0,0,0,0,1,0,0,0,R,.143,.228,.271,.499,0,0,0
595978,Austin Hedges,114,Guardians,2025-09-12,3,1,0,0,0,1,0,0,0,0,R,.147,.230,.273,.503,0,0,1
595978,Austin Hedges,114,Guardians,2025-09-13,0,0,0,0,0,0,0,0,0,0,R,.147,.230,.273,.503,0,0,0
595978,Austin Hedges,114,Guardians,2025-09-18,3,1,0,0,0,0,0,1,0,0,R,.151,.236,.274,.510,0,0,1
595978,Austin Hedges,114,Guardians,2025-09-20,2,0,0,0,0,0,0,1,0,0,R,.149,.238,.270,.508,0,0,0
595978,Austin Hedges,114,Guardians,2025-09-23,2,0,0,0,0,0,0,1,0,0,R,.147,.240,.267,.507,1,0,0
595978,Austin Hedges,114,Guardians,2025-09-25,3,2,0,0,0,0,1,0,0,0,R,.157,.247,.275,.522,1,0,2
595978,Austin Hedges,114,Guardians,2025-09-27,2,1,0,0,0,0,1,0,0,0,R,.161,.250,.277,.527,0,0,1
666310,Bo Naylor,114,Guardians,2025-09-16,5,1,1,0,0,1,2,0,0,0,L,.187,.280,.363,.643,0,0,2
666310,Bo Naylor,114,Guardians,2025-09-17,5,1,0,0,0,2,0,0,0,0,L,.188,.279,.360,.639,0,0,1
666310,Bo Naylor,114,Guardians,2025-09-19,4,2,0,0,0,4,0,0,0,0,L,.191,.281,.362,.643,0,0,2
666310,Bo Naylor,114,Guardians,2025-09-20,3,2,0,0,2,2,1,1,0,0,L,.195,.286,.382,.668,2,0,8
666310,Bo Naylor,114,Guardians,2025-09-21,3,0,0,0,0,1,0,0,0,1,L,.194,.283,.379,.662,0,0,0
666310,Bo Naylor,114,Guardians,2025-09-24,4,1,0,0,0,0,2,0,0,0,L,.194,.283,.377,.660,0,0,1
666310,Bo Naylor,114,Guardians,2025-09-25,1,0,0,0,0,0,1,0,0,0,L,.194,.282,.376,.658,0,0,0
666310,Bo Naylor,114,Guardians,2025-09-26,4,0,0,0,0,0,1,0,0,0,L,.192,.279,.372,.651,0,0,0
666310,Bo Naylor,114,Guardians,2025-09-27,0,0,0,0,0,0,0,1,0,0,L,.192,.281,.372,.653,0,0,0
666310,Bo Naylor,114,Guardians,2025-09-28,4,2,2,0,0,2,0,0,0,1,L,.195,.282,.379,.661,2,0,4
677587,Brayan Rocchio,114,Guardians,2025-09-19,4,0,0,0,0,0,1,0,0,0,S,.228,.287,.329,.616,0,0,0
677587,Brayan Rocchio,114,Guardians,2025-09-20,4,2,1,0,0,0,1,0,0,0,S,.231,.290,.334,.624,1,0,3
677587,Brayan Rocchio,114,Guardians,2025-09-20,3,1,0,0,0,0,0,1,0,0,S,.232,.292,.334,.626,2,0,1
677587,Brayan Rocchio,114,Guardians,2025-09-21,3,1,0,0,0,0,0,0,0,0,S,.233,.292,.334,.626,0,1,1
677587,Brayan Rocchio,114,Guardians,2025-09-23,3,0,0,0,0,0,2,0,0,0,S,.231,.290,.331,.621,0,0,0
677587,Brayan Rocchio,114,Guardians,2025-09-24,2,2,1,0,0,0,0,1,0,0,S,.236,.296,.338,.634,2,1,3
677587,Brayan Rocchio,114,Guardians,2025-09-25,3,0,0,0,0,0,0,0,0,0,S,.234,.293,.335,.628,0,0,0
677587,Brayan Rocchio,114,Guardians,2025-09-26,3,1,0,0,0,0,1,0,0,0,S,.234,.294,.335,.629,0,0,1
677587,Brayan Rocchio,114,Guardians,2025-09-27,3,0,0,0,0,0,1,0,0,0,S,.232,.291,.332,.623,0,0,0
677587,Brayan Rocchio,114,Guardians,2025-09-28,4,1,0,0,1,4,1,0,0,1,S,.233,.290,.340,.630,1,0,4
692216,C.J. Kayfus,114,Guardians,2025-09-16,4,1,0,0,0,1,3,1,0,0,L,.212,.278,.423,.701,0,0,1
692216,C.J. Kayfus,114,Guardians,2025-09-17,1,1,0,0,0,0,0,1,0,0,L,.219,.291,.429,.720,1,0,1
692216,C.J. Kayfus,114,Guardians,2025-09-19,2,0,0,0,0,0,1,0,0,0,L,.215,.286,.421,.707,0,0,0
692216,C.J. Kayfus,114,Guardians,2025-09-20,3,1,0,0,0,1,1,1,0,0,L,.218,.293,.418,.711,0,1,1
692216,C.J. Kayfus,114,Guardians,2025-09-21,3,0,0,0,0,0,0,0,0,0,L,.212,.286,.407,.693,0,0,0
692216,C.J. Kayfus,114,Guardians,2025-09-24,3,1,0,0,0,0,0,0,0,0,L,.216,.287,.405,.692,0,0,1
692216,C.J. Kayfus,114,Guardians,2025-09-25,2,2,2,0,0,1,0,0,0,0,L,.229,.298,.432,.730,0,0,4
692216,C.J. Kayfus,114,Guardians,2025-09-26,3,0,0,0,0,0,2,0,0,0,L,.223,.291,.421,.712,0,0,0
692216,C.J. Kayfus,114,Guardians,2025-09-27,1,0,0,0,0,1,0,0,1,0,L,.221,.294,.418,.712,0,0,0
692216,C.J. Kayfus,114,Guardians,2025-09-28,1,0,0,0,0,0,0,0,0,0,L,.220,.292,.415,.707,0,0,0
682177,Daniel Schneemann,114,Guardians,2025-09-17,0,0,0,0,0,0,0,0,0,0,L,.214,.293,.363,.656,1,0,0
682177,Daniel Schneemann,114,Guardians,2025-09-19,1,0,0,0,0,0,1,0,0,0,L,.213,.292,.362,.654,0,0,0
682177,Daniel Schneemann,114,Guardians,2025-09-20,4,1,0,0,1,1,1,0,0,0,L,.214,.292,.369,.661,1,0,4
682177,Daniel Schneemann,114,Guardians,2025-09-20,5,0,0,0,0,0,1,0,0,0,L,.211,.288,.364,.652,1,0,0
682177,Daniel Schneemann,114,Guardians,2025-09-21,1,0,0,0,0,0,0,0,0,0,L,.210,.287,.363,.650,0,0,0
682177,Daniel Schneemann,114,Guardians,2025-09-23,1,1,0,0,0,2,0,0,0,0,L,.213,.289,.365,.654,0,0,1
682177,Daniel Schneemann,114,Guardians,2025-09-24,3,0,0,0,0,0,0,1,0,0,L,.211,.289,.362,.651,1,0,0
682177,Daniel Schneemann,114,Guardians,2025-09-25,1,0,0,0,0,0,0,0,0,0,L,.210,.288,.361,.649,0,0,0
682177,Daniel Schneemann,114,Guardians,2025-09-26,4,0,0,0,0,0,2,0,0,0,L,.208,.285,.357,.642,0,0,0
682177,Daniel Schneemann,114,Guardians,2025-09-28,4,0,0,0,0,0,4,0,0,0,L,.206,.283,.354,.637,0,0,0
672356,Gabriel Arias,114,Guardians,2025-09-19,4,1,1,0,0,0,1,0,0,0,R,.225,.278,.370,.648,0,0,2
672356,Gabriel Arias,114,Guardians,2025-09-20,4,0,0,0,0,0,2,0,0,0,R,.223,.276,.366,.642,0,0,0
672356,Gabriel Arias,114,Guardians,2025-09-20,5,2,1,0,0,2,1,0,0,0,R,.225,.277,.369,.646,1,0,3
672356,Gabriel Arias,114,Guardians,2025-09-21,3,0,0,0,0,0,2,0,0,0,R,.223,.275,.367,.642,0,0,0
672356,Gabriel Arias,114,Guardians,2025-09-23,3,0,0,0,0,1,1,1,0,0,R,.222,.275,.364,.639,0,0,0
672356,Gabriel Arias,114,Guardians,2025-09-24,4,0,0,0,0,0,3,0,0,0,R,.220,.273,.360,.633,0,0,0
672356,Gabriel Arias,114,Guardians,2025-09-25,3,0,0,0,0,0,1,1,0,0,R,.218,.272,.358,.630,1,0,0
672356,Gabriel Arias,114,Guardians,2025-09-26,4,2,1,0,0,1,1,0,0,0,R,.221,.274,.362,.636,0,0,3
672356,Gabriel Arias,114,Guardians,2025-09-27,3,1,0,1,0,0,2,1,0,0,R,.221,.276,.366,.642,0,0,3
672356,Gabriel Arias,114,Guardians,2025-09-28,3,0,0,0,0,0,2,0,0,0,R,.220,.274,.363,.637,0,0,0
671655,George Valera,114,Guardians,2025-09-11,4,0,0,0,0,0,2,0,0,0,L,.176,.263,.176,.439,0,0,0
671655,George Valera,114,Guardians,2025-09-17,4,1,0,0,0,1,2,1,0,0,L,.190,.292,.190,.482,0,0,1
671655,George Valera,114,Guardians,2025-09-19,1,1,1,0,0,0,0,1,0,0,L,.227,.346,.273,.619,0,0,2
671655,George Valera,114,Guardians,2025-09-20,4,2,1,0,1,1,0,0,0,0,L,.269,.367,.462,.829,1,0,6
671655,George Valera,114,Guardians,2025-09-21,2,0,0,0,0,0,0,2,0,0,L,.250,.382,.429,.811,1,0,0
671655,George Valera,114,Guardians,2025-09-23,1,0,0,0,0,0,0,0,0,0,L,.241,.371,.414,.785,0,0,0
671655,George Valera,114,Guardians,2025-09-24,4,1,0,0,1,2,2,0,0,0,L,.242,.359,.485,.844,1,0,4
671655,George Valera,114,Guardians,2025-09-25,3,0,0,0,0,0,1,0,0,0,L,.222,.333,.444,.777,0,0,0
671655,George Valera,114,Guardians,2025-09-26,3,1,0,0,0,0,0,1,0,0,L,.231,.348,.436,.784,1,0,1
671655,George Valera,114,Guardians,2025-09-28,2,0,0,0,0,0,1,0,0,0,L,.220,.333,.415,.748,1,0,0
678877,Jhonkensy Noel,114,Guardians,2025-09-16,2,0,0,0,0,0,1,0,0,0,R,.150,.168,.256,.424,0,0,0
678877,Jhonkensy Noel,114,Guardians,2025-09-17,0,0,0,0,0,0,0,0,0,0,R,.150,.168,.256,.424,0,0,0
678877,Jhonkensy Noel,114,Guardians,2025-09-18,4,2,0,0,1,1,2,0,0,0,R,.161,.177,.285,.462,1,0,5
678877,Jhonkensy Noel,114,Guardians,2025-09-19,2,0,0,0,0,0,0,0,0,0,R,.158,.175,.281,.456,0,0,0
678877,Jhonkensy Noel,114,Guardians,2025-09-20,0,0,0,0,0,0,0,0,0,0,R,.158,.175,.281,.456,0,0,0
678877,Jhonkensy Noel,114,Guardians,2025-09-23,3,0,0,0,0,0,2,1,0,0,R,.155,.177,.275,.452,0,0,0
678877,Jhonkensy Noel,114,Guardians,2025-09-24,0,0,0,0,0,0,0,0,0,0,R,.155,.177,.275,.452,0,0,0
678877,Jhonkensy Noel,114,Guardians,2025-09-25,1,0,0,0,0,0,1,0,0,0,R,.154,.176,.273,.449,0,0,0
678877,Jhonkensy Noel,114,Guardians,2025-09-27,2,0,0,0,0,0,2,0,0,0,R,.152,.173,.269,.442,0,0,0
678877,Jhonkensy Noel,114,Guardians,2025-09-28,3,2,0,0,1,1,0,0,0,0,R,.162,.183,.297,.480,1,0,5
671286,Johnathan Rodríguez,114,Guardians,2025-07-18,3,1,0,0,1,1,1,1,0,0,R,.151,.211,.283,.494,1,0,4
671286,Johnathan Rodríguez,114,Guardians,2025-07-19,3,0,0,0,0,0,0,0,0,0,R,.143,.200,.268,.468,0,0,0
671286,Johnathan Rodríguez,114,Guardians,2025-07-20,2,1,1,0,0,0,1,0,0,0,R,.155,.210,.293,.503,0,0,2
671286,Johnathan Rodríguez,114,Guardians,2025-07-24,0,0,0,0,0,0,0,0,0,0,R,.155,.210,.293,.503,0,0,0
671286,Johnathan Rodríguez,114,Guardians,2025-07-26,4,2,1,0,0,2,1,0,0,0,R,.177,.227,.323,.550,0,0,3
671286,Johnathan Rodríguez,114,Guardians,2025-07-27,3,0,0,0,0,0,2,0,0,0,R,.169,.217,.308,.525,0,0,0
671286,Johnathan Rodríguez,114,Guardians,2025-07-29,1,0,0,0,0,0,1,0,0,0,R,.167,.214,.303,.517,0,0,0
671286,Johnathan Rodríguez,114,Guardians,2025-09-25,0,0,0,0,0,0,0,0,0,0,R,.167,.214,.303,.517,0,0,0
671286,Johnathan Rodríguez,114,Guardians,2025-09-27,3,2,0,0,1,2,0,1,0,0,R,.188,.243,.362,.605,1,0,5
671286,Johnathan Rodríguez,114,Guardians,2025-09-28,2,1,0,0,0,2,0,1,0,0,R,.197,.260,.366,.626,0,1,1
608070,José Ramírez,114,Guardians,2025-09-19,3,1,1,0,0,0,1,1,1,0,S,.282,.359,.504,.863,2,1,2
608070,José Ramírez,114,Guardians,2025-09-20,4,1,0,0,1,1,1,0,0,0,S,.282,.358,.507,.865,1,0,4
608070,José Ramírez,114,Guardians,2025-09-20,3,1,0,0,0,0,1,1,0,0,S,.282,.359,.506,.865,1,0,1
608070,José Ramírez,114,Guardians,2025-09-21,4,1,0,0,0,0,1,0,0,0,S,.282,.359,.504,.863,0,0,1
608070,José Ramírez,114,Guardians,2025-09-23,3,1,0,0,0,1,0,1,0,0,S,.282,.359,.503,.862,1,0,1
608070,José Ramírez,114,Guardians,2025-09-24,4,2,2,0,0,2,0,0,0,0,S,.284,.360,.507,.867,0,0,4
608070,José Ramírez,114,Guardians,2025-09-25,3,1,1,0,0,1,0,1,0,0,S,.284,.361,.508,.869,0,0,2
608070,José Ramírez,114,Guardians,2025-09-26,3,0,0,0,0,0,1,1,0,0,S,.283,.360,.505,.865,1,0,0
608070,José Ramírez,114,Guardians,2025-09-27,4,1,0,0,0,0,0,0,0,0,S,.282,.360,.503,.863,1,1,1
608070,José Ramírez,114,Guardians,2025-09-28,5,2,0,0,0,0,0,0,0,0,S,.283,.360,.503,.863,0,3,2
700932,Kyle Manzardo,114,Guardians,2025-09-19,3,0,0,0,0,0,1,1,0,0,L,.238,.321,.465,.786,1,1,0
700932,Kyle Manzardo,114,Guardians,2025-09-20,4,0,0,0,0,0,0,0,0,0,L,.236,.319,.460,.779,0,0,0
700932,Kyle Manzardo,114,Guardians,2025-09-20,5,1,0,0,0,1,1,0,0,0,L,.235,.318,.457,.775,1,0,1
700932,Kyle Manzardo,114,Guardians,2025-09-21,4,1,0,0,0,0,2,0,0,0,L,.236,.317,.456,.773,0,0,1
700932,Kyle Manzardo,114,Guardians,2025-09-23,3,1,1,0,0,0,2,0,0,0,L,.236,.317,.457,.774,0,0,2
700932,Kyle Manzardo,114,Guardians,2025-09-24,4,0,0,0,0,0,2,0,0,0,L,.234,.315,.453,.768,0,0,0
700932,Kyle Manzardo,114,Guardians,2025-09-25,4,0,0,0,0,0,1,0,0,0,L,.232,.312,.449,.761,0,0,0
700932,Kyle Manzardo,114,Guardians,2025-09-26,4,1,0,0,1,2,2,0,0,0,L,.232,.312,.454,.766,1,0,4
700932,Kyle Manzardo,114,Guardians,2025-09-27,4,1,0,0,0,0,1,0,0,0,L,.232,.311,.452,.763,0,0,1
700932,Kyle Manzardo,114,Guardians,2025-09-28,1,1,1,0,0,0,0,0,0,0,L,.234,.313,.455,.768,0,0,2
690984,Petey Halpin,114,Guardians,2025-09-20,3,1,0,0,0,0,1,1,0,0,L,.333,.500,.333,.833,2,0,1
690984,Petey Halpin,114,Guardians,2025-09-21,1,0,0,0,0,0,1,0,0,0,L,.250,.400,.250,.650,0,0,0
690984,Petey Halpin,114,Guardians,2025-09-23,1,1,0,0,0,0,0,0,0,0,L,.400,.500,.400,.900,0,0,1
690984,Petey Halpin,114,Guardians,2025-09-24,1,0,0,0,0,0,0,0,0,0,L,.333,.429,.333,.762,1,0,0
690984,Petey Halpin,114,Guardians,2025-09-27,0,0,0,0,0,0,0,0,0,0,L,.333,.429,.333,.762,1,0,0
690984,Petey Halpin,114,Guardians,2025-09-28,0,0,0,0,0,0,0,1,0,0,L,.333,.500,.333,.833,1,0,0
680757,Steven Kwan,114,Guardians,2025-09-19,5,2,1,0,0,1,1,0,0,0,L,.273,.333,.375,.708,2,0,3
680757,Steven Kwan,114,Guardians,2025-09-20,4,2,0,0,0,0,0,1,0,0,L,.275,.335,.376,.711,0,1,2
680757,Steven Kwan,114,Guardians,2025-09-20,5,2,0,0,0,4,0,0,0,0,L,.276,.335,.376,.711,0,0,2
680757,Steven Kwan,114,Guardians,2025-09-21,4,1,0,0,1,1,0,0,0,0,L,.276,.335,.380,.715,1,0,4
680757,Steven Kwan,114,Guardians,2025-09-23,4,2,1,0,0,0,1,0,0,0,L,.277,.336,.383,.719,2,0,3
680757,Steven Kwan,114,Guardians,2025-09-24,4,1,0,0,0,1,0,0,0,0,L,.277,.335,.382,.717,0,0,1
680757,Steven Kwan,114,Guardians,2025-09-25,4,0,0,0,0,0,1,0,0,0,L,.275,.333,.379,.712,0,0,0
680757,Steven Kwan,114,Guardians,2025-09-26,3,0,0,0,0,0,1,0,0,0,L,.274,.332,.378,.710,0,0,0
680757,Steven Kwan,114,Guardians,2025-09-27,4,0,0,0,0,0,0,0,0,0,L,.272,.330,.375,.705,0,0,0
680757,Steven Kwan,114,Guardians,2025-09-28,4,1,0,0,0,0,1,1,0,0,L,.272,.330,.374,.704,1,0,1
592450,Aaron Judge,147,Yankees,2025-09-18,2,0,0,0,0,1,2,2,0,1,R,.328,.453,.676,1.129,0,0,0
592450,Aaron Judge,147,Yankees,2025-09-19,4,1,0,0,0,0,2,0,0,0,R,.327,.452,.673,1.125,0,0,1
592450,Aaron Judge,147,Yankees,2025-09-20,4,2,0,0,1,1,0,0,0,0,R,.329,.452,.677,1.129,2,0,5
592450,Aaron Judge,147,Yankees,2025-09-21,4,0,0,0,0,0,1,1,1,0,R,.326,.451,.672,1.123,1,0,0
592450,Aaron Judge,147,Yankees,2025-09-23,2,0,0,0,0,0,0,3,0,0,R,.325,.452,.669,1.121,1,0,0
592450,Aaron Judge,147,Yankees,2025-09-24,4,3,0,0,2,4,0,1,0,0,R,.328,.455,.681,1.136,2,0,9
592450,Aaron Judge,147,Yankees,2025-09-25,3,2,1,0,0,0,0,2,0,0,R,.330,.457,.683,1.140,1,0,3
592450,Aaron Judge,147,Yankees,2025-09-26,3,1,0,0,1,2,2,1,0,0,R,.330,.458,.687,1.145,1,0,4
592450,Aaron Judge,147,Yankees,2025-09-27,4,2,0,0,1,3,1,0,0,0,R,.331,.458,.691,1.149,1,0,5
592450,Aaron Judge,147,Yankees,2025-09-28,4,1,0,0,0,0,0,0,0,0,R,.331,.457,.688,1.145,1,0,1
642708,Amed Rosario,147,Yankees,2025-08-23,3,2,0,0,0,0,0,0,0,0,R,.289,.325,.447,.772,0,0,2
642708,Amed Rosario,147,Yankees,2025-08-25,1,0,0,0,0,0,0,0,0,0,R,.288,.324,.444,.768,0,0,0
642708,Amed Rosario,147,Yankees,2025-08-26,2,0,0,0,0,0,0,0,0,0,R,.284,.320,.438,.758,0,0,0
642708,Amed Rosario,147,Yankees,2025-08-31,4,1,0,0,0,0,1,0,0,0,R,.283,.318,.434,.752,0,0,1
642708,Amed Rosario,147,Yankees,2025-09-10,2,1,0,0,0,0,1,0,0,0,R,.286,.320,.435,.755,0,0,1
642708,Amed Rosario,147,Yankees,2025-09-14,3,1,0,0,1,2,1,0,0,0,R,.287,.320,.450,.770,1,0,4
642708,Amed Rosario,147,Yankees,2025-09-18,2,1,1,0,0,2,1,0,0,0,R,.289,.322,.457,.779,0,0,2
642708,Amed Rosario,147,Yankees,2025-09-19,4,0,0,0,0,0,1,0,0,0,R,.282,.316,.446,.762,0,0,0
642708,Amed Rosario,147,Yankees,2025-09-23,2,0,0,0,0,0,2,0,0,0,R,.279,.312,.441,.753,0,0,0
642708,Amed Rosario,147,Yankees,2025-09-26,2,0,0,0,0,0,1,0,0,0,R,.276,.309,.436,.745,0,0,0
683011,Anthony Volpe,147,Yankees,2025-09-18,4,1,1,0,0,0,2,0,0,0,R,.208,.270,.397,.667,1,1,2
683011,Anthony Volpe,147,Yankees,2025-09-19,3,0,0,0,0,0,0,0,0,0,R,.207,.269,.395,.664,0,0,0
683011,Anthony Volpe,147,Yankees,2025-09-20,3,2,0,0,0,0,1,1,0,0,R,.210,.272,.396,.668,1,1,2
683011,Anthony Volpe,147,Yankees,2025-09-21,2,1,0,0,0,1,1,0,0,0,R,.211,.273,.397,.670,0,0,1
683011,Anthony Volpe,147,Yankees,2025-09-23,4,2,0,0,0,0,1,0,0,0,R,.213,.275,.397,.672,1,0,2
683011,Anthony Volpe,147,Yankees,2025-09-24,4,1,1,0,0,0,0,0,0,0,R,.213,.275,.398,.673,1,0,2
683011,Anthony Volpe,147,Yankees,2025-09-25,4,0,0,0,0,0,1,0,0,0,R,.212,.273,.395,.668,0,0,0
683011,Anthony Volpe,147,Yankees,2025-09-26,4,1,0,0,0,0,0,0,0,0,R,.212,.273,.394,.667,0,0,1
683011,Anthony Volpe,147,Yankees,2025-09-27,3,0,0,0,0,0,2,0,0,0,R,.211,.271,.392,.663,0,0,0
683011,Anthony Volpe,147,Yankees,2025-09-28,3,1,0,0,0,0,1,0,0,0,R,.212,.272,.391,.663,0,0,1
669224,Austin Wells,147,Yankees,2025-09-16,4,2,1,0,0,1,0,0,0,0,L,.212,.268,.437,.705,2,0,3
669224,Austin Wells,147,Yankees,2025-09-17,1,0,0,0,0,0,0,0,0,0,L,.211,.267,.435,.702,0,0,0
669224,Austin Wells,147,Yankees,2025-09-18,3,2,0,0,0,1,0,1,0,0,L,.215,.272,.437,.709,1,0,2
669224,Austin Wells,147,Yankees,2025-09-19,2,1,0,0,0,0,1,1,0,0,L,.216,.274,.438,.712,0,0,1
669224,Austin Wells,147,Yankees,2025-09-21,2,0,0,0,0,0,1,0,0,0,L,.215,.273,.435,.708,0,0,0
669224,Austin Wells,147,Yankees,2025-09-23,4,2,1,0,0,1,1,0,0,0,L,.218,.275,.438,.713,0,0,3
669224,Austin Wells,147,Yankees,2025-09-24,0,0,0,0,0,0,0,0,0,0,L,.218,.275,.438,.713,0,0,0
669224,Austin Wells,147,Yankees,2025-09-25,4,2,1,0,0,1,1,0,0,0,L,.221,.277,.442,.719,0,0,3
669224,Austin Wells,147,Yankees,2025-09-26,4,1,0,0,0,1,2,0,0,0,L,.221,.277,.440,.717,0,0,1
669224,Austin Wells,147,Yankees,2025-09-28,3,0,0,0,0,0,3,0,0,0,L,.219,.275,.436,.711,0,0,0
700250,Ben Rice,147,Yankees,2025-09-16,4,3,1,0,0,1,0,0,0,0,L,.248,.333,.480,.813,0,0,4
700250,Ben Rice,147,Yankees,2025-09-17,4,1,1,0,0,0,1,0,0,0,L,.248,.332,.481,.813,1,0,2
700250,Ben Rice,147,Yankees,2025-09-19,0,0,0,0,0,0,0,1,0,0,L,.248,.333,.481,.814,0,0,0
700250,Ben Rice,147,Yankees,2025-09-20,5,0,0,0,0,0,1,0,0,0,L,.245,.330,.475,.805,0,0,0
700250,Ben Rice,147,Yankees,2025-09-21,5,4,1,0,1,5,0,0,0,0,L,.252,.335,.488,.823,1,0,8
700250,Ben Rice,147,Yankees,2025-09-23,4,3,0,0,0,0,0,0,0,0,L,.256,.338,.490,.828,0,0,3
700250,Ben Rice,147,Yankees,2025-09-24,4,1,0,1,0,0,1,0,0,0,L,.256,.337,.492,.829,1,0,3
700250,Ben Rice,147,Yankees,2025-09-25,3,0,0,0,0,1,0,1,0,0,L,.254,.337,.489,.826,1,0,0
700250,Ben Rice,147,Yankees,2025-09-27,3,0,0,0,0,0,0,1,0,0,L,.253,.336,.486,.822,1,0,0
700250,Ben Rice,147,Yankees,2025-09-28,4,2,0,0,2,2,0,0,0,0,L,.255,.337,.499,.836,2,0,8
641355,Cody Bellinger,147,Yankees,2025-09-18,3,0,0,0,0,0,1,2,0,0,L,.273,.331,.493,.824,2,0,0
641355,Cody Bellinger,147,Yankees,2025-09-19,4,0,0,0,0,0,1,0,0,0,L,.271,.329,.489,.818,0,0,0
641355,Cody Bellinger,147,Yankees,2025-09-20,3,1,0,0,0,0,1,1,0,0,L,.272,.330,.488,.818,2,1,1
641355,Cody Bellinger,147,Yankees,2025-09-21,5,1,0,0,0,0,2,0,0,0,L,.271,.329,.486,.815,1,0,1
641355,Cody Bellinger,147,Yankees,2025-09-23,4,0,0,0,0,0,2,1,0,0,L,.269,.328,.483,.811,0,0,0
641355,Cody Bellinger,147,Yankees,2025-09-24,4,1,0,0,0,0,0,1,0,0,L,.269,.329,.481,.810,0,0,1
641355,Cody Bellinger,147,Yankees,2025-09-25,3,1,0,0,0,0,0,2,0,0,L,.269,.331,.480,.811,1,0,1
641355,Cody Bellinger,147,Yankees,2025-09-26,2,2,0,0,0,0,0,2,0,0,L,.272,.335,.482,.817,2,0,2
641355,Cody Bellinger,147,Yankees,2025-09-27,3,1,0,0,0,1,1,0,0,1,L,.272,.334,.481,.815,0,0,1
641355,Cody Bellinger,147,Yankees,2025-09-28,4,1,0,0,0,0,0,0,0,0,L,.272,.334,.480,.814,0,0,1
519317,Giancarlo Stanton,147,Yankees,2025-09-18,4,1,1,0,0,2,2,0,0,0,R,.270,.340,.572,.912,0,0,2
519317,Giancarlo Stanton,147,Yankees,2025-09-19,3,0,0,0,0,0,1,1,0,0,R,.267,.339,.564,.903,0,0,0
519317,Giancarlo Stanton,147,Yankees,2025-09-20,3,1,0,0,1,3,2,1,0,0,R,.268,.341,.575,.916,1,0,4
519317,Giancarlo Stanton,147,Yankees,2025-09-21,0,0,0,0,0,0,0,1,0,0,R,.268,.344,.575,.919,0,0,0
519317,Giancarlo Stanton,147,Yankees,2025-09-23,4,0,0,0,0,0,3,0,0,0,R,.263,.338,.565,.903,0,0,0
519317,Giancarlo Stanton,147,Yankees,2025-09-24,4,1,0,0,0,0,1,0,0,0,R,.263,.337,.559,.896,0,0,1
519317,Giancarlo Stanton,147,Yankees,2025-09-25,3,1,1,0,0,3,2,1,0,0,R,.264,.340,.561,.901,0,0,2
519317,Giancarlo Stanton,147,Yankees,2025-09-26,4,2,0,0,2,5,0,0,0,0,R,.267,.342,.584,.926,2,0,8
519317,Giancarlo Stanton,147,Yankees,2025-09-27,3,2,0,0,1,1,1,1,0,0,R,.272,.348,.598,.946,1,0,5
519317,Giancarlo Stanton,147,Yankees,2025-09-28,3,1,0,0,0,1,1,1,0,0,R,.273,.350,.594,.944,0,0,1
641555,J.C. Escarra,147,Yankees,2025-06-24,0,0,0,0,0,0,0,0,0,0,L,.246,.338,.415,.753,0,0,0
641555,J.C. Escarra,147,Yankees,2025-06-29,0,0,0,0,0,0,0,0,0,0,L,.246,.338,.415,.753,0,0,0
641555,J.C. Escarra,147,Yankees,2025-06-30,3,0,0,0,0,0,0,1,0,0,L,.235,.333,.397,.730,0,0,0
641555,J.C. Escarra,147,Yankees,2025-07-01,4,0,0,0,0,0,2,0,0,0,L,.222,.318,.375,.693,0,0,0
641555,J.C. Escarra,147,Yankees,2025-07-04,2,0,0,0,0,0,1,1,0,0,L,.216,.318,.365,.683,0,0,0
641555,J.C. Escarra,147,Yankees,2025-07-11,5,1,0,0,0,1,0,0,0,0,L,.215,.312,.354,.666,0,0,1
641555,J.C. Escarra,147,Yankees,2025-07-18,1,0,0,0,0,0,1,0,0,0,L,.213,.309,.350,.659,0,0,0
641555,J.C. Escarra,147,Yankees,2025-07-20,0,0,0,0,0,0,0,0,0,0,L,.213,.309,.350,.659,0,0,0
641555,J.C. Escarra,147,Yankees,2025-07-23,3,0,0,0,0,0,0,0,0,0,L,.205,.299,.337,.636,0,0,0
641555,J.C. Escarra,147,Yankees,2025-08-12,1,0,0,0,0,1,0,0,0,0,L,.202,.296,.333,.629,0,0,0
691176,Jasson Domínguez,147,Yankees,2025-09-06,2,1,0,0,0,1,0,1,0,0,S,.255,.328,.388,.716,1,0,1
691176,Jasson Domínguez,147,Yankees,2025-09-10,1,1,0,0,0,0,0,0,0,0,S,.257,.329,.389,.718,0,0,1
691176,Jasson Domínguez,147,Yankees,2025-09-12,0,0,0,0,0,0,0,0,0,0,S,.257,.329,.389,.718,0,0,0
691176,Jasson Domínguez,147,Yankees,2025-09-13,3,1,0,0,0,0,0,1,0,0,S,.257,.331,.389,.720,0,0,1
691176,Jasson Domínguez,147,Yankees,2025-09-17,3,1,1,0,0,1,1,0,1,0,S,.258,.333,.391,.724,2,2,2
691176,Jasson Domínguez,147,Yankees,2025-09-18,1,0,0,0,0,0,0,0,0,0,S,.257,.332,.390,.722,0,0,0
691176,Jasson Domínguez,147,Yankees,2025-09-21,4,1,0,0,0,0,1,0,0,0,S,.257,.331,.388,.719,0,0,1
691176,Jasson Domínguez,147,Yankees,2025-09-24,0,0,0,0,0,0,0,0,0,0,S,.257,.331,.388,.719,0,0,0
691176,Jasson Domínguez,147,Yankees,2025-09-25,0,0,0,0,0,0,0,0,0,0,S,.257,.331,.388,.719,1,0,0
691176,Jasson Domínguez,147,Yankees,2025-09-27,0,0,0,0,0,0,0,0,0,0,S,.257,.331,.388,.719,0,0,0
665862,Jazz Chisholm Jr.,147,Yankees,2025-09-18,2,1,1,0,0,0,1,0,0,0,L,.242,.333,.479,.812,0,0,2
665862,Jazz Chisholm Jr.,147,Yankees,2025-09-19,4,1,0,0,1,2,2,0,0,0,L,.242,.332,.484,.816,1,0,4
665862,Jazz Chisholm Jr.,147,Yankees,2025-09-20,4,1,0,0,0,1,1,0,0,0,L,.242,.331,.482,.813,0,0,1
665862,Jazz Chisholm Jr.,147,Yankees,2025-09-21,4,1,0,0,1,1,3,1,0,0,L,.242,.332,.487,.819,1,0,4
665862,Jazz Chisholm Jr.,147,Yankees,2025-09-23,3,3,0,0,0,0,0,1,0,0,L,.247,.337,.490,.827,1,1,3
665862,Jazz Chisholm Jr.,147,Yankees,2025-09-24,4,1,1,0,0,1,1,0,0,0,L,.247,.337,.490,.827,0,0,2
665862,Jazz Chisholm Jr.,147,Yankees,2025-09-25,4,0,0,0,0,0,1,0,0,0,L,.245,.334,.486,.820,0,0,0
665862,Jazz Chisholm Jr.,147,Yankees,2025-09-26,2,0,0,0,0,0,1,0,0,0,L,.244,.333,.484,.817,0,0,0
665862,Jazz Chisholm Jr.,147,Yankees,2025-09-27,2,0,0,0,0,0,0,0,1,0,L,.243,.333,.482,.815,0,0,0
665862,Jazz Chisholm Jr.,147,Yankees,2025-09-28,1,0,0,0,0,0,1,0,0,0,L,.242,.332,.481,.813,0,0,0
676609,José Caballero,147,Yankees,2025-09-14,4,1,0,0,1,1,3,0,0,0,R,.233,.332,.345,.677,1,0,4
676609,José Caballero,147,Yankees,2025-09-15,2,1,1,0,0,0,0,0,0,0,R,.235,.333,.349,.682,0,0,2
676609,José Caballero,147,Yankees,2025-09-16,0,0,0,0,0,0,0,0,0,0,R,.235,.333,.349,.682,0,1,0
676609,José Caballero,147,Yankees,2025-09-17,3,0,0,0,0,0,2,1,0,0,R,.233,.332,.346,.678,1,1,0
676609,José Caballero,147,Yankees,2025-09-18,2,1,0,0,0,0,0,2,0,0,R,.234,.337,.347,.684,1,0,1
676609,José Caballero,147,Yankees,2025-09-21,5,2,1,0,0,0,1,0,0,0,R,.237,.338,.351,.689,1,0,3
676609,José Caballero,147,Yankees,2025-09-23,1,1,0,0,0,1,0,0,0,0,R,.239,.340,.353,.693,0,0,1
676609,José Caballero,147,Yankees,2025-09-26,3,0,0,0,0,0,0,1,0,0,R,.237,.339,.349,.688,1,0,0
676609,José Caballero,147,Yankees,2025-09-27,1,0,0,0,0,0,0,0,0,0,R,.236,.338,.348,.686,0,0,0
676609,José Caballero,147,Yankees,2025-09-28,1,0,0,0,0,0,1,1,0,0,R,.236,.339,.347,.686,0,1,0
502671,Paul Goldschmidt,147,Yankees,2025-09-18,5,2,0,0,0,1,0,0,0,0,R,.280,.331,.415,.746,2,0,2
502671,Paul Goldschmidt,147,Yankees,2025-09-19,2,0,0,0,0,0,0,0,1,0,R,.279,.331,.413,.744,0,0,0
502671,Paul Goldschmidt,147,Yankees,2025-09-20,3,1,0,0,0,0,1,0,1,0,R,.279,.333,.412,.745,0,0,1
502671,Paul Goldschmidt,147,Yankees,2025-09-21,2,0,0,0,0,0,1,1,0,0,R,.278,.333,.411,.744,0,0,0
502671,Paul Goldschmidt,147,Yankees,2025-09-23,0,0,0,0,0,0,0,0,0,0,R,.278,.333,.411,.744,0,0,0
502671,Paul Goldschmidt,147,Yankees,2025-09-24,4,1,0,0,0,1,3,0,0,0,R,.278,.332,.409,.741,1,0,1
502671,Paul Goldschmidt,147,Yankees,2025-09-25,1,0,0,0,0,0,0,0,0,0,R,.277,.331,.408,.739,0,0,0
502671,Paul Goldschmidt,147,Yankees,2025-09-26,5,1,0,0,0,0,0,0,0,0,R,.276,.330,.406,.736,1,0,1
502671,Paul Goldschmidt,147,Yankees,2025-09-27,4,0,0,0,0,0,1,0,0,0,R,.274,.328,.403,.731,0,0,0
502671,Paul Goldschmidt,147,Yankees,2025-09-28,0,0,0,0,0,0,0,0,0,0,R,.274,.328,.403,.731,0,0,0
641857,Ryan McMahon,147,Yankees,2025-09-15,3,0,0,0,0,0,2,0,0,0,L,.216,.314,.386,.700,0,1,0
641857,Ryan McMahon,147,Yankees,2025-09-16,5,1,0,0,0,0,0,0,0,0,L,.216,.313,.384,.697,1,0,1
641857,Ryan McMahon,147,Yankees,2025-09-17,4,1,0,0,0,1,2,0,0,0,L,.216,.312,.383,.695,0,0,1
641857,Ryan McMahon,147,Yankees,2025-09-20,4,0,0,0,0,0,1,0,0,0,L,.214,.310,.380,.690,0,0,0
641857,Ryan McMahon,147,Yankees,2025-09-21,1,0,0,0,0,0,1,1,0,0,L,.214,.311,.379,.690,0,0,0
641857,Ryan McMahon,147,Yankees,2025-09-23,2,0,0,0,0,0,1,0,0,0,L,.213,.309,.378,.687,0,0,0
641857,Ryan McMahon,147,Yankees,2025-09-24,3,0,0,0,0,0,2,1,0,0,L,.212,.309,.375,.684,1,0,0
641857,Ryan McMahon,147,Yankees,2025-09-25,2,1,0,0,0,0,1,1,1,0,L,.213,.312,.376,.688,0,0,1
641857,Ryan McMahon,147,Yankees,2025-09-27,3,2,0,0,1,1,1,0,0,0,L,.215,.314,.383,.697,2,0,5
641857,Ryan McMahon,147,Yankees,2025-09-28,3,0,0,0,0,0,3,0,0,0,L,.214,.312,.381,.693,0,0,0
663757,Trent Grisham,147,Yankees,2025-09-17,5,2,0,0,2,4,1,0,0,0,L,.240,.348,.477,.825,2,0,8
663757,Trent Grisham,147,Yankees,2025-09-18,3,0,0,0,0,0,2,1,0,0,L,.238,.347,.474,.821,0,0,0
663757,Trent Grisham,147,Yankees,2025-09-20,5,2,0,0,0,1,2,0,0,0,L,.240,.347,.473,.820,0,0,2
663757,Trent Grisham,147,Yankees,2025-09-21,5,0,0,0,0,0,4,1,0,0,L,.237,.345,.468,.813,2,0,0
663757,Trent Grisham,147,Yankees,2025-09-23,3,0,0,0,0,0,2,2,0,0,L,.236,.346,.466,.812,0,0,0
663757,Trent Grisham,147,Yankees,2025-09-24,3,1,0,0,1,2,1,2,0,0,L,.237,.348,.471,.819,2,0,4
663757,Trent Grisham,147,Yankees,2025-09-25,5,1,0,0,0,0,2,0,0,0,L,.236,.347,.468,.815,1,0,1
663757,Trent Grisham,147,Yankees,2025-09-26,1,1,0,0,0,0,0,1,0,0,L,.238,.349,.469,.818,1,0,1
663757,Trent Grisham,147,Yankees,2025-09-27,3,0,0,0,0,0,0,1,0,0,L,.236,.348,.466,.814,1,0,0
663757,Trent Grisham,147,Yankees,2025-09-28,3,0,0,0,0,0,2,1,0,0,L,.235,.348,.464,.812,0,0,0
628451,Andy Ibáñez,116,Tigers,2025-09-17,1,0,0,0,0,0,0,0,0,0,R,.239,.291,.365,.656,0,0,0
628451,Andy Ibáñez,116,Tigers,2025-09-18,1,0,0,0,0,0,0,1,0,0,R,.238,.293,.363,.656,0,0,0
628451,Andy Ibáñez,116,Tigers,2025-09-20,2,0,0,0,0,0,1,0,0,0,R,.235,.290,.358,.648,0,0,0
628451,Andy Ibáñez,116,Tigers,2025-09-21,1,0,0,0,0,0,1,0,0,0,R,.233,.288,.356,.644,0,0,0
628451,Andy Ibáñez,116,Tigers,2025-09-23,1,0,0,0,0,0,0,0,0,0,R,.232,.287,.354,.641,0,0,0
628451,Andy Ibáñez,116,Tigers,2025-09-24,1,0,0,0,0,0,0,0,0,0,R,.230,.285,.352,.637,0,0,0
628451,Andy Ibáñez,116,Tigers,2025-09-25,2,0,0,0,0,0,1,0,0,0,R,.228,.282,.347,.629,0,0,0
628451,Andy Ibáñez,116,Tigers,2025-09-26,3,0,0,0,0,0,0,1,0,0,R,.224,.281,.341,.622,1,0,0
628451,Andy Ibáñez,116,Tigers,2025-09-27,3,1,0,0,0,0,1,1,0,0,R,.225,.286,.341,.627,0,0,1
628451,Andy Ibáñez,116,Tigers,2025-09-28,3,3,0,0,0,0,0,1,0,0,R,.239,.301,.352,.653,0,1,3
693307,Dillon Dingler,116,Tigers,2025-09-16,4,1,1,0,0,1,1,0,0,0,R,.280,.328,.434,.762,0,0,2
693307,Dillon Dingler,116,Tigers,2025-09-17,4,0,0,0,0,0,1,0,0,0,R,.278,.325,.430,.755,0,0,0
693307,Dillon Dingler,116,Tigers,2025-09-18,3,0,0,0,0,0,0,0,0,0,R,.276,.323,.427,.750,0,0,0
693307,Dillon Dingler,116,Tigers,2025-09-20,3,0,0,0,0,0,2,1,0,0,R,.274,.322,.424,.746,0,0,0
693307,Dillon Dingler,116,Tigers,2025-09-21,4,3,1,0,0,0,1,0,0,0,R,.278,.326,.429,.755,0,0,4
693307,Dillon Dingler,116,Tigers,2025-09-23,3,0,0,0,0,0,3,1,0,0,R,.276,.325,.426,.751,0,0,0
693307,Dillon Dingler,116,Tigers,2025-09-24,4,1,0,0,0,0,1,0,0,0,R,.276,.325,.425,.750,1,0,1
693307,Dillon Dingler,116,Tigers,2025-09-25,4,1,1,0,0,0,1,0,0,0,R,.276,.324,.425,.749,1,0,2
693307,Dillon Dingler,116,Tigers,2025-09-26,4,2,0,0,0,0,1,0,0,0,R,.278,.325,.426,.751,1,0,2
693307,Dillon Dingler,116,Tigers,2025-09-27,3,1,0,0,0,0,0,1,0,0,R,.278,.327,.425,.752,1,0,1
650402,Gleyber Torres,116,Tigers,2025-09-17,4,0,0,0,0,0,2,0,0,0,R,.252,.358,.391,.749,0,0,0
650402,Gleyber Torres,116,Tigers,2025-09-18,2,1,0,0,0,0,1,2,0,0,R,.253,.361,.392,.753,0,0,1
650402,Gleyber Torres,116,Tigers,2025-09-19,3,2,0,0,0,0,0,0,0,0,R,.255,.362,.393,.755,0,0,2
650402,Gleyber Torres,116,Tigers,2025-09-20,5,3,0,0,0,0,1,0,0,0,R,.259,.364,.395,.759,1,0,3
650402,Gleyber Torres,116,Tigers,2025-09-21,4,2,1,0,0,1,0,1,0,0,R,.261,.366,.398,.764,1,0,3
650402,Gleyber Torres,116,Tigers,2025-09-23,4,0,0,0,0,0,3,0,0,0,R,.259,.364,.395,.759,0,0,0
650402,Gleyber Torres,116,Tigers,2025-09-24,4,1,0,0,0,0,1,0,0,0,R,.259,.363,.394,.757,0,0,1
650402,Gleyber Torres,116,Tigers,2025-09-25,5,1,0,0,0,0,1,0,0,0,R,.258,.362,.392,.754,0,0,1
650402,Gleyber Torres,116,Tigers,2025-09-26,5,1,0,0,0,0,1,0,0,0,R,.258,.361,.390,.751,0,0,1
650402,Gleyber Torres,116,Tigers,2025-09-27,4,0,0,0,0,0,2,0,0,0,R,.256,.358,.387,.745,0,0,0
663330,Jahmai Jones,116,Tigers,2025-09-14,1,0,0,0,0,0,0,0,0,0,R,.270,.362,.541,.903,0,0,0
663330,Jahmai Jones,116,Tigers,2025-09-16,2,0,0,0,0,0,1,2,0,0,R,.265,.366,.531,.897,0,0,0
663330,Jahmai Jones,116,Tigers,2025-09-17,0,0,0,0,0,0,0,1,0,0,R,.265,.371,.531,.902,0,0,0
663330,Jahmai Jones,116,Tigers,2025-09-18,1,0,0,0,0,0,0,0,0,0,R,.263,.368,.526,.894,0,0,0
663330,Jahmai Jones,116,Tigers,2025-09-20,4,3,0,0,0,0,1,0,0,0,R,.280,.380,.534,.914,2,0,3
663330,Jahmai Jones,116,Tigers,2025-09-21,1,0,0,0,0,0,0,1,0,0,R,.277,.381,.529,.910,1,0,0
663330,Jahmai Jones,116,Tigers,2025-09-24,1,0,0,0,0,0,1,0,0,0,R,.275,.379,.525,.904,0,0,0
663330,Jahmai Jones,116,Tigers,2025-09-25,3,1,0,0,1,1,0,0,0,0,R,.276,.378,.545,.923,1,0,4
663330,Jahmai Jones,116,Tigers,2025-09-26,2,1,1,0,0,2,1,1,0,0,R,.280,.384,.552,.936,0,0,2
663330,Jahmai Jones,116,Tigers,2025-09-27,4,2,0,0,0,2,0,0,0,0,R,.287,.387,.550,.937,0,0,2
668670,Jake Rogers,116,Tigers,2025-08-20,3,0,0,0,0,0,1,0,0,0,R,.167,.268,.302,.570,0,0,0
668670,Jake Rogers,116,Tigers,2025-08-23,3,2,1,0,0,2,0,0,0,0,R,.182,.278,.323,.601,0,0,3
668670,Jake Rogers,116,Tigers,2025-08-26,2,1,0,0,0,0,0,1,0,0,R,.188,.288,.327,.615,1,0,1
668670,Jake Rogers,116,Tigers,2025-08-31,4,2,1,1,0,2,1,0,0,0,R,.200,.295,.362,.657,1,0,5
668670,Jake Rogers,116,Tigers,2025-09-03,4,1,0,0,0,1,1,0,0,0,R,.202,.294,.358,.652,0,0,1
668670,Jake Rogers,116,Tigers,2025-09-07,4,1,1,0,0,0,2,0,0,0,R,.204,.292,.363,.655,0,0,2
668670,Jake Rogers,116,Tigers,2025-09-12,2,0,0,0,0,0,0,0,1,0,R,.200,.293,.357,.650,0,0,0
668670,Jake Rogers,116,Tigers,2025-09-16,1,0,0,0,0,0,1,0,0,0,R,.198,.291,.353,.644,0,0,0
668670,Jake Rogers,116,Tigers,2025-09-19,3,0,0,0,0,0,0,0,0,0,R,.193,.285,.345,.630,0,0,0
668670,Jake Rogers,116,Tigers,2025-09-28,4,0,0,0,0,0,2,0,0,0,R,.187,.277,.333,.610,0,0,0
595879,Javier Báez,116,Tigers,2025-09-12,1,0,0,0,0,0,1,0,0,0,R,.256,.284,.400,.684,0,0,0
595879,Javier Báez,116,Tigers,2025-09-13,0,0,0,0,0,0,0,0,0,0,R,.256,.284,.400,.684,0,0,0
595879,Javier Báez,116,Tigers,2025-09-16,3,0,0,0,0,0,1,0,0,0,R,.254,.282,.397,.679,0,0,0
595879,Javier Báez,116,Tigers,2025-09-19,3,1,0,0,0,0,0,0,0,0,R,.255,.282,.396,.678,0,0,1
595879,Javier Báez,116,Tigers,2025-09-20,3,0,0,0,0,0,0,0,0,0,R,.253,.280,.393,.673,0,0,0
595879,Javier Báez,116,Tigers,2025-09-21,2,0,0,0,0,0,0,0,0,0,R,.252,.279,.392,.671,0,0,0
595879,Javier Báez,116,Tigers,2025-09-25,4,2,0,0,0,1,1,0,0,0,R,.254,.281,.393,.674,0,0,2
595879,Javier Báez,116,Tigers,2025-09-26,4,2,0,0,0,1,1,0,0,0,R,.257,.283,.394,.677,0,0,2
595879,Javier Báez,116,Tigers,2025-09-27,4,1,0,0,0,0,1,0,0,0,R,.257,.282,.392,.674,1,0,1
595879,Javier Báez,116,Tigers,2025-09-28,4,1,0,0,1,3,3,0,0,0,R,.257,.282,.398,.680,1,0,4
669234,Justyn-Henry Malloy,116,Tigers,2025-05-25,2,1,0,0,0,0,0,0,0,0,R,.205,.339,.284,.623,1,0,1
669234,Justyn-Henry Malloy,116,Tigers,2025-05-28,3,2,0,0,0,2,1,0,0,0,R,.220,.348,.297,.645,0,0,2
669234,Justyn-Henry Malloy,116,Tigers,2025-06-01,2,0,0,0,0,0,1,1,0,0,R,.215,.348,.290,.638,0,0,0
669234,Justyn-Henry Malloy,116,Tigers,2025-07-02,3,0,0,0,0,0,0,0,0,0,R,.208,.339,.281,.620,0,0,0
669234,Justyn-Henry Malloy,116,Tigers,2025-09-01,1,0,0,0,0,0,0,0,0,0,R,.206,.336,.278,.614,0,0,0
669234,Justyn-Henry Malloy,116,Tigers,2025-09-02,1,1,1,0,0,1,0,0,0,0,R,.214,.342,.296,.638,1,0,2
669234,Justyn-Henry Malloy,116,Tigers,2025-09-05,0,0,0,0,0,0,0,1,0,0,R,.214,.347,.296,.643,0,0,0
669234,Justyn-Henry Malloy,116,Tigers,2025-09-25,1,0,0,0,0,0,0,0,0,0,R,.212,.344,.293,.637,0,0,0
669234,Justyn-Henry Malloy,116,Tigers,2025-09-26,1,1,1,0,0,0,0,0,0,0,R,.220,.350,.310,.660,0,0,2
669234,Justyn-Henry Malloy,116,Tigers,2025-09-28,4,1,0,0,0,0,1,0,0,0,R,.221,.346,.308,.654,1,0,1
681481,Kerry Carpenter,116,Tigers,2025-09-17,3,1,0,0,0,0,0,1,0,0,L,.259,.300,.520,.820,0,0,1
681481,Kerry Carpenter,116,Tigers,2025-09-18,4,0,0,0,0,0,1,0,0,0,L,.256,.297,.515,.812,0,0,0
681481,Kerry Carpenter,116,Tigers,2025-09-19,3,0,0,0,0,0,0,0,0,0,L,.254,.295,.511,.806,0,0,0
681481,Kerry Carpenter,116,Tigers,2025-09-20,1,0,0,0,0,0,0,0,0,0,L,.254,.295,.510,.805,0,0,0
681481,Kerry Carpenter,116,Tigers,2025-09-21,5,2,0,0,0,0,0,0,0,0,L,.255,.296,.508,.804,0,0,2
681481,Kerry Carpenter,116,Tigers,2025-09-23,4,1,0,0,0,0,3,0,0,0,L,.255,.296,.506,.802,0,0,1
681481,Kerry Carpenter,116,Tigers,2025-09-24,4,0,0,0,0,0,1,0,0,0,L,.253,.293,.501,.794,0,0,0
681481,Kerry Carpenter,116,Tigers,2025-09-25,1,0,0,0,0,0,1,0,0,0,L,.252,.292,.500,.792,0,0,0
681481,Kerry Carpenter,116,Tigers,2025-09-26,1,0,0,0,0,0,0,0,0,0,L,.252,.292,.499,.791,0,0,0
681481,Kerry Carpenter,116,Tigers,2025-09-28,4,1,0,0,0,0,2,0,0,0,L,.252,.291,.497,.788,0,0,1
678009,Parker Meadows,116,Tigers,2025-09-18,2,0,0,0,0,0,1,1,0,0,L,.228,.302,.352,.654,0,1,0
678009,Parker Meadows,116,Tigers,2025-09-19,4,1,0,1,0,0,1,0,0,0,L,.229,.301,.361,.662,0,0,3
678009,Parker Meadows,116,Tigers,2025-09-20,4,0,0,0,0,0,1,0,0,0,L,.224,.294,.353,.647,0,0,0
678009,Parker Meadows,116,Tigers,2025-09-21,2,0,0,0,0,0,1,1,0,0,L,.221,.295,.349,.644,0,0,0
678009,Parker Meadows,116,Tigers,2025-09-23,4,0,0,0,0,0,1,0,0,0,L,.216,.289,.341,.630,0,0,0
678009,Parker Meadows,116,Tigers,2025-09-24,2,0,0,0,0,1,1,0,0,1,L,.213,.284,.337,.621,0,0,0
678009,Parker Meadows,116,Tigers,2025-09-25,3,0,0,0,0,0,0,1,0,0,L,.210,.284,.331,.615,0,0,0
678009,Parker Meadows,116,Tigers,2025-09-26,4,1,0,0,0,0,3,0,0,0,L,.211,.283,.330,.613,1,0,1
678009,Parker Meadows,116,Tigers,2025-09-27,2,0,0,0,0,0,2,1,0,0,L,.209,.284,.326,.610,0,0,0
678009,Parker Meadows,116,Tigers,2025-09-28,4,2,0,0,0,0,0,1,0,0,L,.215,.291,.330,.621,0,0,2
682985,Riley Greene,116,Tigers,2025-09-17,3,0,0,0,0,0,1,1,0,0,L,.263,.319,.502,.821,0,0,0
682985,Riley Greene,116,Tigers,2025-09-18,4,0,0,0,0,0,2,0,0,0,L,.261,.317,.498,.815,0,0,0
682985,Riley Greene,116,Tigers,2025-09-19,4,0,0,0,0,0,2,0,0,0,L,.260,.315,.495,.810,0,0,0
682985,Riley Greene,116,Tigers,2025-09-20,4,0,0,0,0,0,2,0,0,0,L,.258,.313,.491,.804,0,0,0
682985,Riley Greene,116,Tigers,2025-09-21,4,2,0,0,0,1,1,0,0,1,L,.259,.313,.491,.804,0,0,2
682985,Riley Greene,116,Tigers,2025-09-23,4,2,0,0,1,1,1,0,0,0,L,.261,.315,.497,.812,1,0,5
682985,Riley Greene,116,Tigers,2025-09-24,3,1,0,0,0,0,1,1,0,0,L,.261,.316,.496,.812,0,0,1
682985,Riley Greene,116,Tigers,2025-09-25,3,1,0,0,1,1,2,1,0,0,L,.262,.317,.500,.817,1,0,4
682985,Riley Greene,116,Tigers,2025-09-26,4,0,0,0,0,0,1,0,0,0,L,.260,.315,.497,.812,0,0,0
682985,Riley Greene,116,Tigers,2025-09-27,4,0,0,0,0,0,2,0,0,0,L,.258,.313,.493,.806,0,0,0
679529,Spencer Torkelson,116,Tigers,2025-09-17,4,0,0,0,0,0,3,0,0,0,R,.240,.334,.457,.791,0,0,0
679529,Spencer Torkelson,116,Tigers,2025-09-18,4,2,1,0,0,0,0,0,0,0,R,.242,.335,.460,.795,1,0,3
679529,Spencer Torkelson,116,Tigers,2025-09-19,3,1,0,0,1,1,2,0,0,0,R,.243,.335,.465,.800,1,0,4
679529,Spencer Torkelson,116,Tigers,2025-09-20,3,2,0,0,1,3,0,1,0,0,R,.245,.338,.471,.809,1,0,5
679529,Spencer Torkelson,116,Tigers,2025-09-21,5,0,0,0,0,0,4,0,0,0,R,.243,.335,.467,.802,0,0,0
679529,Spencer Torkelson,116,Tigers,2025-09-23,3,0,0,0,0,0,3,1,0,0,R,.241,.334,.464,.798,0,0,0
679529,Spencer Torkelson,116,Tigers,2025-09-24,4,1,0,0,0,0,2,0,0,0,R,.241,.334,.463,.797,0,0,1
679529,Spencer Torkelson,116,Tigers,2025-09-25,4,0,0,0,0,0,2,1,0,0,R,.240,.333,.459,.792,0,0,0
679529,Spencer Torkelson,116,Tigers,2025-09-26,4,2,0,0,0,0,1,1,0,0,R,.242,.335,.460,.795,0,0,2
679529,Spencer Torkelson,116,Tigers,2025-09-27,4,0,0,0,0,0,1,0,0,0,R,.240,.333,.456,.789,0,0,0
700242,Trey Sweeney,116,Tigers,2025-09-13,1,0,0,0,0,0,1,0,0,0,L,.199,.258,.297,.555,0,0,0
700242,Trey Sweeney,116,Tigers,2025-09-14,0,0,0,0,0,0,0,0,0,0,L,.199,.258,.297,.555,0,0,0
700242,Trey Sweeney,116,Tigers,2025-09-16,1,0,0,0,0,0,0,0,0,0,L,.199,.257,.296,.553,0,0,0
700242,Trey Sweeney,116,Tigers,2025-09-17,0,0,0,0,0,0,0,0,0,0,L,.199,.257,.296,.553,0,0,0
700242,Trey Sweeney,116,Tigers,2025-09-18,1,0,0,0,0,0,1,0,0,0,L,.198,.256,.295,.551,0,0,0
700242,Trey Sweeney,116,Tigers,2025-09-19,1,0,0,0,0,0,1,0,0,0,L,.197,.256,.294,.550,0,0,0
700242,Trey Sweeney,116,Tigers,2025-09-21,1,0,0,0,0,0,0,0,0,0,L,.197,.255,.293,.548,0,0,0
700242,Trey Sweeney,116,Tigers,2025-09-23,2,0,0,0,0,0,1,0,0,0,L,.195,.253,.291,.544,0,0,0
700242,Trey Sweeney,116,Tigers,2025-09-24,2,1,0,0,0,0,0,0,0,0,L,.197,.255,.293,.548,0,0,1
700242,Trey Sweeney,116,Tigers,2025-09-28,2,0,0,0,0,0,1,2,0,0,L,.196,.258,.291,.549,0,0,0
672761,Wenceel Pérez,116,Tigers,2025-09-18,4,1,0,0,0,0,2,0,0,0,S,.256,.315,.447,.762,0,0,1
672761,Wenceel Pérez,116,Tigers,2025-09-19,3,0,0,0,0,0,1,0,0,0,S,.253,.312,.443,.755,0,0,0
672761,Wenceel Pérez,116,Tigers,2025-09-20,3,0,0,0,0,1,3,0,0,1,S,.251,.309,.439,.748,0,0,0
672761,Wenceel Pérez,116,Tigers,2025-09-21,4,0,0,0,0,0,1,1,0,0,S,.248,.307,.433,.740,0,1,0
672761,Wenceel Pérez,116,Tigers,2025-09-23,3,1,1,0,0,1,2,0,0,0,S,.248,.307,.436,.743,0,0,2
672761,Wenceel Pérez,116,Tigers,2025-09-24,3,0,0,0,0,0,1,1,0,0,S,.246,.307,.432,.739,0,0,0
672761,Wenceel Pérez,116,Tigers,2025-09-25,3,1,0,0,1,1,1,2,0,0,S,.247,.311,.440,.751,1,0,4
672761,Wenceel Pérez,116,Tigers,2025-09-26,4,0,0,0,0,0,3,1,0,0,S,.244,.309,.435,.744,0,0,0
672761,Wenceel Pérez,116,Tigers,2025-09-27,4,1,0,0,0,0,1,0,0,0,S,.244,.309,.432,.741,0,0,1
672761,Wenceel Pérez,116,Tigers,2025-09-28,4,1,0,0,0,0,0,0,0,0,S,.244,.308,.430,.738,1,0,1
656716,Zach McKinstry,116,Tigers,2025-09-17,2,0,0,0,0,0,1,0,0,0,L,.259,.335,.437,.772,0,0,0
656716,Zach McKinstry,116,Tigers,2025-09-18,3,0,0,0,0,0,2,0,0,0,L,.258,.333,.434,.767,0,0,0
656716,Zach McKinstry,116,Tigers,2025-09-19,3,0,0,0,0,0,0,0,0,0,L,.256,.331,.431,.762,0,0,0
656716,Zach McKinstry,116,Tigers,2025-09-20,2,1,0,0,1,1,0,0,0,0,L,.257,.331,.438,.769,1,0,4
656716,Zach McKinstry,116,Tigers,2025-09-21,3,2,1,0,0,0,1,1,0,0,L,.260,.335,.442,.777,0,0,3
656716,Zach McKinstry,116,Tigers,2025-09-23,4,1,1,0,0,0,2,0,0,0,L,.260,.334,.442,.776,1,0,2
656716,Zach McKinstry,116,Tigers,2025-09-24,3,1,0,0,0,0,0,0,1,0,L,.260,.335,.442,.777,0,0,1
656716,Zach McKinstry,116,Tigers,2025-09-25,2,1,0,0,0,0,0,0,0,0,L,.261,.336,.442,.778,0,0,1
656716,Zach McKinstry,116,Tigers,2025-09-26,0,0,0,0,0,0,0,0,0,0,L,.261,.336,.442,.778,0,0,0
656716,Zach McKinstry,116,Tigers,2025-09-28,4,0,0,0,0,0,1,0,0,0,L,.259,.333,.438,.771,0,0,0
